shard,tensor_name,role,shape,parameters,bf16_payload_bytes,distinct_bf16_symbols,empirical_bf16_symbol_h0_bits_per_weight,distinct_exponents,empirical_exponent_h0_bits_per_exponent,empirical_adjacent_exponent_h1_conditional_bits_per_exponent,finite_sequence_adjacent_exponent_reference_bits_per_weight
/workspace/checkpoints/llama-3.1-8b-bf16/model-00001-of-00004.safetensors,model.embed_tokens.weight,embedding,128256x4096,525336576,1050673152,9158,10.5135405408,55,2.59097487151,2.56726813742,2.56726813253
/workspace/checkpoints/llama-3.1-8b-bf16/model-00001-of-00004.safetensors,model.layers.0.input_layernorm.weight,norm,4096,4096,8192,1631,10.1403981357,23,3.46260541932,3.40833730773,3.40750519413
/workspace/checkpoints/llama-3.1-8b-bf16/model-00001-of-00004.safetensors,model.layers.0.mlp.down_proj.weight,mlp,4096x14336,58720256,117440512,5722,10.487151769,33,2.56222797592,2.56212267078,2.56212262715
/workspace/checkpoints/llama-3.1-8b-bf16/model-00001-of-00004.safetensors,model.layers.0.mlp.gate_proj.weight,mlp,14336x4096,58720256,117440512,5634,10.4978379686,35,2.57107501241,2.57072466449,2.57072462071
/workspace/checkpoints/llama-3.1-8b-bf16/model-00001-of-00004.safetensors,model.layers.0.mlp.up_proj.weight,mlp,14336x4096,58720256,117440512,5375,10.4916982153,31,2.56677073668,2.56675975021,2.5667597065
/workspace/checkpoints/llama-3.1-8b-bf16/model-00001-of-00004.safetensors,model.layers.0.post_attention_layernorm.weight,norm,4096,4096,8192,127,4.07851871336,13,0.246403499687,0.243132557066,0.243073198531
/workspace/checkpoints/llama-3.1-8b-bf16/model-00001-of-00004.safetensors,model.layers.0.self_attn.k_proj.weight,attention,1024x4096,4194304,8388608,5449,11.3200830002,30,3.36430754395,3.36141783856,3.36141703713
/workspace/checkpoints/llama-3.1-8b-bf16/model-00001-of-00004.safetensors,model.layers.0.self_attn.o_proj.weight,attention,4096x4096,16777216,33554432,5282,10.5595240415,30,2.6276150861,2.62221244987,2.62221229357
/workspace/checkpoints/llama-3.1-8b-bf16/model-00001-of-00004.safetensors,model.layers.0.self_attn.q_proj.weight,attention,4096x4096,16777216,33554432,6226,11.4234304279,34,3.46580706841,3.46078114086,3.46078093458
/workspace/checkpoints/llama-3.1-8b-bf16/model-00001-of-00004.safetensors,model.layers.0.self_attn.v_proj.weight,attention,1024x4096,4194304,8388608,4575,10.8897130704,26,2.94417302868,2.94396738303,2.94396668113
/workspace/checkpoints/llama-3.1-8b-bf16/model-00001-of-00004.safetensors,model.layers.1.input_layernorm.weight,norm,4096,4096,8192,466,7.86245134531,17,1.48654836418,1.4731200979,1.47276044944
/workspace/checkpoints/llama-3.1-8b-bf16/model-00001-of-00004.safetensors,model.layers.1.mlp.down_proj.weight,mlp,4096x14336,58720256,117440512,5591,10.482206447,32,2.55776442938,2.55774383217,2.55774378861
/workspace/checkpoints/llama-3.1-8b-bf16/model-00001-of-00004.safetensors,model.layers.1.mlp.gate_proj.weight,mlp,14336x4096,58720256,117440512,5631,10.4900880079,32,2.5645177354,2.56435980116,2.56435975749
/workspace/checkpoints/llama-3.1-8b-bf16/model-00001-of-00004.safetensors,model.layers.1.mlp.up_proj.weight,mlp,14336x4096,58720256,117440512,5521,10.4868734366,31,2.56234396176,2.56229596017,2.56229591653
/workspace/checkpoints/llama-3.1-8b-bf16/model-00001-of-00004.safetensors,model.layers.1.post_attention_layernorm.weight,norm,4096,4096,8192,205,4.80990162696,14,0.403199753468,0.398763330786,0.398665976457
/workspace/checkpoints/llama-3.1-8b-bf16/model-00001-of-00004.safetensors,model.layers.1.self_attn.k_proj.weight,attention,1024x4096,4194304,8388608,4649,10.7994391087,27,2.85450548414,2.80850839466,2.80850772506
/workspace/checkpoints/llama-3.1-8b-bf16/model-00001-of-00004.safetensors,model.layers.1.self_attn.o_proj.weight,attention,4096x4096,16777216,33554432,5297,10.5350736128,32,2.60681957986,2.60224270296,2.60224254785
/workspace/checkpoints/llama-3.1-8b-bf16/model-00001-of-00004.safetensors,model.layers.1.self_attn.q_proj.weight,attention,4096x4096,16777216,33554432,5366,10.7560686415,32,2.81207096676,2.78020558556,2.78020541984
/workspace/checkpoints/llama-3.1-8b-bf16/model-00001-of-00004.safetensors,model.layers.1.self_attn.v_proj.weight,attention,1024x4096,4194304,8388608,4307,10.5734823224,27,2.64624630265,2.64565034454,2.64564971377
/workspace/checkpoints/llama-3.1-8b-bf16/model-00001-of-00004.safetensors,model.layers.2.input_layernorm.weight,norm,4096,4096,8192,262,6.75311829641,10,1.0218284968,1.01742290681,1.01717451254
/workspace/checkpoints/llama-3.1-8b-bf16/model-00001-of-00004.safetensors,model.layers.2.mlp.down_proj.weight,mlp,4096x14336,58720256,117440512,5566,10.4782189616,31,2.55427870208,2.55425827211,2.55425822861
/workspace/checkpoints/llama-3.1-8b-bf16/model-00001-of-00004.safetensors,model.layers.2.mlp.gate_proj.weight,mlp,14336x4096,58720256,117440512,5545,10.4899557502,31,2.56484363588,2.56464259726,2.56464255359
/workspace/checkpoints/llama-3.1-8b-bf16/model-00001-of-00004.safetensors,model.layers.2.mlp.up_proj.weight,mlp,14336x4096,58720256,117440512,5470,10.4854392972,31,2.56134834318,2.56132622413,2.56132618051
/workspace/checkpoints/llama-3.1-8b-bf16/model-00001-of-00004.safetensors,model.layers.2.post_attention_layernorm.weight,norm,4096,4096,8192,202,5.07130093673,10,0.294638522225,0.291610395762,0.291539201818
/workspace/checkpoints/llama-3.1-8b-bf16/model-00001-of-00004.safetensors,model.layers.2.self_attn.k_proj.weight,attention,1024x4096,4194304,8388608,4544,10.6923793515,25,2.75213962335,2.72751178646,2.72751113617
/workspace/checkpoints/llama-3.1-8b-bf16/model-00001-of-00004.safetensors,model.layers.2.self_attn.o_proj.weight,attention,4096x4096,16777216,33554432,5208,10.5484647315,30,2.61942776859,2.61442654018,2.61442638435
/workspace/checkpoints/llama-3.1-8b-bf16/model-00001-of-00004.safetensors,model.layers.2.self_attn.q_proj.weight,attention,4096x4096,16777216,33554432,5119,10.6417095861,29,2.70368287904,2.68988325945,2.68988309912
/workspace/checkpoints/llama-3.1-8b-bf16/model-00001-of-00004.safetensors,model.layers.2.self_attn.v_proj.weight,attention,1024x4096,4194304,8388608,4284,10.5577649706,23,2.6291463226,2.62711246751,2.62711184116
/workspace/checkpoints/llama-3.1-8b-bf16/model-00001-of-00004.safetensors,model.layers.3.input_layernorm.weight,norm,4096,4096,8192,145,5.86806795943,6,0.0881581951569,0.0854327791793,0.0854119215672
/workspace/checkpoints/llama-3.1-8b-bf16/model-00001-of-00004.safetensors,model.layers.3.mlp.down_proj.weight,mlp,4096x14336,58720256,117440512,5531,10.4818307277,33,2.55774721466,2.55768693414,2.55768689058
/workspace/checkpoints/llama-3.1-8b-bf16/model-00001-of-00004.safetensors,model.layers.3.mlp.gate_proj.weight,mlp,14336x4096,58720256,117440512,5571,10.4967864239,34,2.57064324809,2.57009831938,2.57009827561
/workspace/checkpoints/llama-3.1-8b-bf16/model-00001-of-00004.safetensors,model.layers.3.mlp.up_proj.weight,mlp,14336x4096,58720256,117440512,5458,10.4823756692,31,2.55855292059,2.5585285674,2.55852852383
/workspace/checkpoints/llama-3.1-8b-bf16/model-00001-of-00004.safetensors,model.layers.3.post_attention_layernorm.weight,norm,4096,4096,8192,175,5.10952117837,9,0.363318291004,0.357012555341,0.356925394073
/workspace/checkpoints/llama-3.1-8b-bf16/model-00001-of-00004.safetensors,model.layers.3.self_attn.k_proj.weight,attention,1024x4096,4194304,8388608,4382,10.631153827,26,2.69448533439,2.67882918377,2.67882854509
/workspace/checkpoints/llama-3.1-8b-bf16/model-00001-of-00004.safetensors,model.layers.3.self_attn.o_proj.weight,attention,4096x4096,16777216,33554432,5124,10.4918288202,29,2.56837800136,2.56727554052,2.5672753875
/workspace/checkpoints/llama-3.1-8b-bf16/model-00001-of-00004.safetensors,model.layers.3.self_attn.q_proj.weight,attention,4096x4096,16777216,33554432,4927,10.5950914994,28,2.66068645952,2.65143727756,2.65143711952
/workspace/checkpoints/llama-3.1-8b-bf16/model-00001-of-00004.safetensors,model.layers.3.self_attn.v_proj.weight,attention,1024x4096,4194304,8388608,4285,10.519035829,28,2.59332846853,2.59251690161,2.59251628351
/workspace/checkpoints/llama-3.1-8b-bf16/model-00001-of-00004.safetensors,model.layers.4.input_layernorm.weight,norm,4096,4096,8192,167,6.06339350877,5,0.156515047641,0.155005289133,0.154967446045
/workspace/checkpoints/llama-3.1-8b-bf16/model-00001-of-00004.safetensors,model.layers.4.mlp.down_proj.weight,mlp,4096x14336,58720256,117440512,5582,10.4863771698,34,2.56215659457,2.56205938546,2.56205934183
/workspace/checkpoints/llama-3.1-8b-bf16/model-00001-of-00004.safetensors,model.layers.4.mlp.gate_proj.weight,mlp,14336x4096,58720256,117440512,5570,10.5082158869,31,2.58142465259,2.58048002011,2.58047997617
/workspace/checkpoints/llama-3.1-8b-bf16/model-00001-of-00004.safetensors,model.layers.4.mlp.up_proj.weight,mlp,14336x4096,58720256,117440512,5556,10.4855504663,32,2.56128110449,2.56123967897,2.56123963535
/workspace/checkpoints/llama-3.1-8b-bf16/model-00001-of-00004.safetensors,model.layers.4.post_attention_layernorm.weight,norm,4096,4096,8192,147,4.34425281837,6,0.609191728908,0.606608994968,0.606460897068
/workspace/checkpoints/llama-3.1-8b-bf16/model-00001-of-00004.safetensors,model.layers.4.self_attn.k_proj.weight,attention,1024x4096,4194304,8388608,4480,10.6110649189,28,2.676350854,2.66486313033,2.66486249498
/workspace/checkpoints/llama-3.1-8b-bf16/model-00001-of-00004.safetensors,model.layers.4.self_attn.o_proj.weight,attention,4096x4096,16777216,33554432,5170,10.5140101087,30,2.58738778281,2.58470080954,2.58470065548
/workspace/checkpoints/llama-3.1-8b-bf16/model-00001-of-00004.safetensors,model.layers.4.self_attn.q_proj.weight,attention,4096x4096,16777216,33554432,5103,10.6050443432,28,2.66969603588,2.65869413866,2.65869398019
/workspace/checkpoints/llama-3.1-8b-bf16/model-00001-of-00004.safetensors,model.layers.4.self_attn.v_proj.weight,attention,1024x4096,4194304,8388608,4261,10.5414501246,26,2.61290259773,2.61118220365,2.6111815811
/workspace/checkpoints/llama-3.1-8b-bf16/model-00001-of-00004.safetensors,model.layers.5.input_layernorm.weight,norm,4096,4096,8192,189,6.39325624803,4,0.340340278726,0.339957232213,0.339874234842
/workspace/checkpoints/llama-3.1-8b-bf16/model-00001-of-00004.safetensors,model.layers.5.mlp.down_proj.weight,mlp,4096x14336,58720256,117440512,5574,10.486218643,32,2.56203599839,2.56192859455,2.56192855092
/workspace/checkpoints/llama-3.1-8b-bf16/model-00001-of-00004.safetensors,model.layers.5.mlp.gate_proj.weight,mlp,14336x4096,58720256,117440512,5504,10.5008955355,32,2.57495628858,2.57429225822,2.57429221438
/workspace/checkpoints/llama-3.1-8b-bf16/model-00001-of-00004.safetensors,model.layers.5.mlp.up_proj.weight,mlp,14336x4096,58720256,117440512,5481,10.4819039958,31,2.55803213958,2.5580145355,2.55801449194
/workspace/checkpoints/llama-3.1-8b-bf16/model-00001-of-00004.safetensors,model.layers.5.post_attention_layernorm.weight,norm,4096,4096,8192,147,4.60849156996,5,0.466329879217,0.463290699995,0.463177591914
/workspace/checkpoints/llama-3.1-8b-bf16/model-00001-of-00004.safetensors,model.layers.5.self_attn.k_proj.weight,attention,1024x4096,4194304,8388608,4627,10.6297842989,26,2.6939397386,2.67900620665,2.67900556792
/workspace/checkpoints/llama-3.1-8b-bf16/model-00001-of-00004.safetensors,model.layers.5.self_attn.o_proj.weight,attention,4096x4096,16777216,33554432,5028,10.5238414847,30,2.59639646743,2.5941576881,2.59415753348
/workspace/checkpoints/llama-3.1-8b-bf16/model-00001-of-00004.safetensors,model.layers.5.self_attn.q_proj.weight,attention,4096x4096,16777216,33554432,5027,10.6179968449,30,2.68162985578,2.66918140877,2.66918124967
/workspace/checkpoints/llama-3.1-8b-bf16/model-00001-of-00004.safetensors,model.layers.5.self_attn.v_proj.weight,attention,1024x4096,4194304,8388608,4267,10.5197790689,26,2.59406262949,2.59357690801,2.59357628966
/workspace/checkpoints/llama-3.1-8b-bf16/model-00001-of-00004.safetensors,model.layers.6.input_layernorm.weight,norm,4096,4096,8192,164,6.20145311588,4,0.180265577873,0.18016434884,0.180120363403
/workspace/checkpoints/llama-3.1-8b-bf16/model-00001-of-00004.safetensors,model.layers.6.mlp.down_proj.weight,mlp,4096x14336,58720256,117440512,5569,10.4901225903,32,2.56553188534,2.56533793251,2.56533788882
/workspace/checkpoints/llama-3.1-8b-bf16/model-00001-of-00004.safetensors,model.layers.6.mlp.gate_proj.weight,mlp,14336x4096,58720256,117440512,5543,10.5076398871,31,2.58078679202,2.57968937551,2.57968933158
/workspace/checkpoints/llama-3.1-8b-bf16/model-00001-of-00004.safetensors,model.layers.6.mlp.up_proj.weight,mlp,14336x4096,58720256,117440512,5437,10.4818327862,32,2.55804013411,2.55801809712,2.55801805356
/workspace/checkpoints/llama-3.1-8b-bf16/model-00001-of-00004.safetensors,model.layers.6.post_attention_layernorm.weight,norm,4096,4096,8192,127,4.76568865595,4,0.41067627778,0.409753563904,0.409653526413
/workspace/checkpoints/llama-3.1-8b-bf16/model-00001-of-00004.safetensors,model.layers.6.self_attn.k_proj.weight,attention,1024x4096,4194304,8388608,4357,10.5688657534,28,2.6361855597,2.62985956551,2.62985893851
/workspace/checkpoints/llama-3.1-8b-bf16/model-00001-of-00004.safetensors,model.layers.6.self_attn.o_proj.weight,attention,4096x4096,16777216,33554432,5038,10.5050258713,30,2.57999277478,2.57867843171,2.57867827801
/workspace/checkpoints/llama-3.1-8b-bf16/model-00001-of-00004.safetensors,model.layers.6.self_attn.q_proj.weight,attention,4096x4096,16777216,33554432,4963,10.5870921915,32,2.65245567745,2.64321131563,2.64321115808
/workspace/checkpoints/llama-3.1-8b-bf16/model-00001-of-00004.safetensors,model.layers.6.self_attn.v_proj.weight,attention,1024x4096,4194304,8388608,4201,10.5164794913,25,2.59118069453,2.59067484045,2.59067422278
/workspace/checkpoints/llama-3.1-8b-bf16/model-00001-of-00004.safetensors,model.layers.7.input_layernorm.weight,norm,4096,4096,8192,162,6.10776146886,4,0.150254079526,0.150137862921,0.15010120817
/workspace/checkpoints/llama-3.1-8b-bf16/model-00001-of-00004.safetensors,model.layers.7.mlp.down_proj.weight,mlp,4096x14336,58720256,117440512,5673,10.4978946684,32,2.57230917071,2.57198405356,2.57198400976
/workspace/checkpoints/llama-3.1-8b-bf16/model-00001-of-00004.safetensors,model.layers.7.mlp.gate_proj.weight,mlp,14336x4096,58720256,117440512,5531,10.5151454344,32,2.58729263529,2.58584438007,2.58584433603
/workspace/checkpoints/llama-3.1-8b-bf16/model-00001-of-00004.safetensors,model.layers.7.mlp.up_proj.weight,mlp,14336x4096,58720256,117440512,5477,10.4835494352,31,2.55927872581,2.55925251,2.55925246642
/workspace/checkpoints/llama-3.1-8b-bf16/model-00001-of-00004.safetensors,model.layers.7.post_attention_layernorm.weight,norm,4096,4096,8192,122,5.04392477621,3,0.411696897052,0.411657513795,0.411557011472
/workspace/checkpoints/llama-3.1-8b-bf16/model-00001-of-00004.safetensors,model.layers.7.self_attn.k_proj.weight,attention,1024x4096,4194304,8388608,4343,10.5714782234,27,2.6398893442,2.63319365422,2.63319302642
/workspace/checkpoints/llama-3.1-8b-bf16/model-00001-of-00004.safetensors,model.layers.7.self_attn.o_proj.weight,attention,4096x4096,16777216,33554432,5062,10.5134871842,31,2.58732968934,2.58534180396,2.58534164986
/workspace/checkpoints/llama-3.1-8b-bf16/model-00001-of-00004.safetensors,model.layers.7.self_attn.q_proj.weight,attention,4096x4096,16777216,33554432,4924,10.5976370606,29,2.66273065332,2.65251968543,2.65251952733
/workspace/checkpoints/llama-3.1-8b-bf16/model-00001-of-00004.safetensors,model.layers.7.self_attn.v_proj.weight,attention,1024x4096,4194304,8388608,4268,10.5138716817,26,2.58909336048,2.58863874589,2.58863812871
/workspace/checkpoints/llama-3.1-8b-bf16/model-00001-of-00004.safetensors,model.layers.8.input_layernorm.weight,norm,4096,4096,8192,175,6.2506863563,3,0.203141018796,0.203061282554,0.203011707045
/workspace/checkpoints/llama-3.1-8b-bf16/model-00001-of-00004.safetensors,model.layers.8.mlp.down_proj.weight,mlp,4096x14336,58720256,117440512,5661,10.5004365502,33,2.57475237605,2.57431912971,2.57431908587
/workspace/checkpoints/llama-3.1-8b-bf16/model-00001-of-00004.safetensors,model.layers.8.mlp.gate_proj.weight,mlp,14336x4096,58720256,117440512,5507,10.5193635225,31,2.59112335472,2.58933526549,2.58933522139
/workspace/checkpoints/llama-3.1-8b-bf16/model-00001-of-00004.safetensors,model.layers.8.mlp.up_proj.weight,mlp,14336x4096,58720256,117440512,5505,10.4829536469,31,2.55890552975,2.55888019438,2.55888015081
/workspace/checkpoints/llama-3.1-8b-bf16/model-00001-of-00004.safetensors,model.layers.8.post_attention_layernorm.weight,norm,4096,4096,8192,134,5.24439058754,3,0.397921196733,0.397795895609,0.39769877747
/workspace/checkpoints/llama-3.1-8b-bf16/model-00001-of-00004.safetensors,model.layers.8.self_attn.k_proj.weight,attention,1024x4096,4194304,8388608,4522,10.607801834,26,2.67130549805,2.65943107749,2.65943044343
/workspace/checkpoints/llama-3.1-8b-bf16/model-00001-of-00004.safetensors,model.layers.8.self_attn.o_proj.weight,attention,4096x4096,16777216,33554432,5138,10.5313588929,30,2.60322074202,2.60006429366,2.60006413868
/workspace/checkpoints/llama-3.1-8b-bf16/model-00001-of-00004.safetensors,model.layers.8.self_attn.q_proj.weight,attention,4096x4096,16777216,33554432,5225,10.5977433983,29,2.66189592924,2.65081798662,2.65081782862
/workspace/checkpoints/llama-3.1-8b-bf16/model-00001-of-00004.safetensors,model.layers.8.self_attn.v_proj.weight,attention,1024x4096,4194304,8388608,4298,10.5539290186,25,2.62320800295,2.62080640372,2.62080577887
/workspace/checkpoints/llama-3.1-8b-bf16/model-00002-of-00004.safetensors,model.layers.10.input_layernorm.weight,norm,4096,4096,8192,174,6.45602517192,5,0.304536506469,0.303304252549,0.303230203659
/workspace/checkpoints/llama-3.1-8b-bf16/model-00002-of-00004.safetensors,model.layers.10.mlp.down_proj.weight,mlp,4096x14336,58720256,117440512,5617,10.5027263032,32,2.57677146502,2.57617281938,2.5761727755
/workspace/checkpoints/llama-3.1-8b-bf16/model-00002-of-00004.safetensors,model.layers.10.mlp.gate_proj.weight,mlp,14336x4096,58720256,117440512,5524,10.5176007553,31,2.58916948131,2.58738829777,2.58738825371
/workspace/checkpoints/llama-3.1-8b-bf16/model-00002-of-00004.safetensors,model.layers.10.mlp.up_proj.weight,mlp,14336x4096,58720256,117440512,5431,10.4812074209,29,2.5569755052,2.55695304628,2.55695300273
/workspace/checkpoints/llama-3.1-8b-bf16/model-00002-of-00004.safetensors,model.layers.10.post_attention_layernorm.weight,norm,4096,4096,8192,145,5.60475291985,3,0.413397980006,0.413407483893,0.413306554331
/workspace/checkpoints/llama-3.1-8b-bf16/model-00002-of-00004.safetensors,model.layers.10.self_attn.k_proj.weight,attention,1024x4096,4194304,8388608,4514,10.6115891398,28,2.67554089373,2.66448998043,2.66448934516
/workspace/checkpoints/llama-3.1-8b-bf16/model-00002-of-00004.safetensors,model.layers.10.self_attn.o_proj.weight,attention,4096x4096,16777216,33554432,5087,10.532303932,32,2.60426835133,2.60108238435,2.60108222931
/workspace/checkpoints/llama-3.1-8b-bf16/model-00002-of-00004.safetensors,model.layers.10.self_attn.q_proj.weight,attention,4096x4096,16777216,33554432,5143,10.6314890974,28,2.69325141844,2.67781544624,2.67781528663
/workspace/checkpoints/llama-3.1-8b-bf16/model-00002-of-00004.safetensors,model.layers.10.self_attn.v_proj.weight,attention,1024x4096,4194304,8388608,4281,10.5659334972,26,2.63523464381,2.63205854587,2.63205791834
/workspace/checkpoints/llama-3.1-8b-bf16/model-00002-of-00004.safetensors,model.layers.11.input_layernorm.weight,norm,4096,4096,8192,192,6.6897612799,4,0.371051121559,0.37007123617,0.369980886747
/workspace/checkpoints/llama-3.1-8b-bf16/model-00002-of-00004.safetensors,model.layers.11.mlp.down_proj.weight,mlp,4096x14336,58720256,117440512,5688,10.5027491602,32,2.57668492697,2.57614549807,2.5761454542
/workspace/checkpoints/llama-3.1-8b-bf16/model-00002-of-00004.safetensors,model.layers.11.mlp.gate_proj.weight,mlp,14336x4096,58720256,117440512,5565,10.5216085345,30,2.59245725442,2.59041715933,2.59041711522
/workspace/checkpoints/llama-3.1-8b-bf16/model-00002-of-00004.safetensors,model.layers.11.mlp.up_proj.weight,mlp,14336x4096,58720256,117440512,5467,10.4852644981,30,2.56053567326,2.56050203986,2.56050199625
/workspace/checkpoints/llama-3.1-8b-bf16/model-00002-of-00004.safetensors,model.layers.11.post_attention_layernorm.weight,norm,4096,4096,8192,124,5.58429927488,3,0.357483770244,0.357357804415,0.357270558857
/workspace/checkpoints/llama-3.1-8b-bf16/model-00002-of-00004.safetensors,model.layers.11.self_attn.k_proj.weight,attention,1024x4096,4194304,8388608,4417,10.5964444339,27,2.66273689076,2.65278117111,2.65278053863
/workspace/checkpoints/llama-3.1-8b-bf16/model-00002-of-00004.safetensors,model.layers.11.self_attn.o_proj.weight,attention,4096x4096,16777216,33554432,5075,10.5284005268,28,2.60047540015,2.59781299954,2.5978128447
/workspace/checkpoints/llama-3.1-8b-bf16/model-00002-of-00004.safetensors,model.layers.11.self_attn.q_proj.weight,attention,4096x4096,16777216,33554432,4932,10.6006288533,29,2.6649471003,2.65401820367,2.65401804547
/workspace/checkpoints/llama-3.1-8b-bf16/model-00002-of-00004.safetensors,model.layers.11.self_attn.v_proj.weight,attention,1024x4096,4194304,8388608,4218,10.5056994457,25,2.58232695602,2.58209408192,2.5820934663
/workspace/checkpoints/llama-3.1-8b-bf16/model-00002-of-00004.safetensors,model.layers.12.input_layernorm.weight,norm,4096,4096,8192,195,6.67207233481,4,0.21970437118,0.21866300557,0.218609621048
/workspace/checkpoints/llama-3.1-8b-bf16/model-00002-of-00004.safetensors,model.layers.12.mlp.down_proj.weight,mlp,4096x14336,58720256,117440512,5633,10.5005046187,32,2.57447163647,2.57418153608,2.57418149225
/workspace/checkpoints/llama-3.1-8b-bf16/model-00002-of-00004.safetensors,model.layers.12.mlp.gate_proj.weight,mlp,14336x4096,58720256,117440512,5683,10.5344817014,32,2.60439406893,2.6017842898,2.60178424549
/workspace/checkpoints/llama-3.1-8b-bf16/model-00002-of-00004.safetensors,model.layers.12.mlp.up_proj.weight,mlp,14336x4096,58720256,117440512,5520,10.4918487208,32,2.56634344568,2.56626901369,2.56626896999
/workspace/checkpoints/llama-3.1-8b-bf16/model-00002-of-00004.safetensors,model.layers.12.post_attention_layernorm.weight,norm,4096,4096,8192,99,5.32926579998,3,0.208708234057,0.2086044469,0.20855351808
/workspace/checkpoints/llama-3.1-8b-bf16/model-00002-of-00004.safetensors,model.layers.12.self_attn.k_proj.weight,attention,1024x4096,4194304,8388608,4301,10.5458808992,26,2.61600817167,2.61207987805,2.61207925528
/workspace/checkpoints/llama-3.1-8b-bf16/model-00002-of-00004.safetensors,model.layers.12.self_attn.o_proj.weight,attention,4096x4096,16777216,33554432,5055,10.5123710265,28,2.58595956369,2.584166063,2.58416590897
/workspace/checkpoints/llama-3.1-8b-bf16/model-00002-of-00004.safetensors,model.layers.12.self_attn.q_proj.weight,attention,4096x4096,16777216,33554432,4922,10.5550799577,30,2.62406382249,2.6195236065,2.61952345036
/workspace/checkpoints/llama-3.1-8b-bf16/model-00002-of-00004.safetensors,model.layers.12.self_attn.v_proj.weight,attention,1024x4096,4194304,8388608,4263,10.5116431938,28,2.58695652297,2.5865300466,2.58652942993
/workspace/checkpoints/llama-3.1-8b-bf16/model-00002-of-00004.safetensors,model.layers.13.input_layernorm.weight,norm,4096,4096,8192,215,6.77270876773,5,0.741604038844,0.740086767152,0.739906081906
/workspace/checkpoints/llama-3.1-8b-bf16/model-00002-of-00004.safetensors,model.layers.13.mlp.down_proj.weight,mlp,4096x14336,58720256,117440512,5583,10.4988947404,32,2.57304218121,2.57275676044,2.57275671662
/workspace/checkpoints/llama-3.1-8b-bf16/model-00002-of-00004.safetensors,model.layers.13.mlp.gate_proj.weight,mlp,14336x4096,58720256,117440512,5723,10.5256269852,31,2.5962219965,2.59411060868,2.59411056451
/workspace/checkpoints/llama-3.1-8b-bf16/model-00002-of-00004.safetensors,model.layers.13.mlp.up_proj.weight,mlp,14336x4096,58720256,117440512,5476,10.4904823722,30,2.56509040001,2.56502529768,2.565025254
/workspace/checkpoints/llama-3.1-8b-bf16/model-00002-of-00004.safetensors,model.layers.13.post_attention_layernorm.weight,norm,4096,4096,8192,97,5.06810931419,3,0.0968193094716,0.0967865209506,0.0967628914288
/workspace/checkpoints/llama-3.1-8b-bf16/model-00002-of-00004.safetensors,model.layers.13.self_attn.k_proj.weight,attention,1024x4096,4194304,8388608,4452,10.6155284989,26,2.67984264678,2.66650929001,2.66650865427
/workspace/checkpoints/llama-3.1-8b-bf16/model-00002-of-00004.safetensors,model.layers.13.self_attn.o_proj.weight,attention,4096x4096,16777216,33554432,4985,10.5212626676,30,2.59414353283,2.59201858572,2.59201843123
/workspace/checkpoints/llama-3.1-8b-bf16/model-00002-of-00004.safetensors,model.layers.13.self_attn.q_proj.weight,attention,4096x4096,16777216,33554432,4941,10.6110224639,28,2.67447912188,2.66164359198,2.66164343334
/workspace/checkpoints/llama-3.1-8b-bf16/model-00002-of-00004.safetensors,model.layers.13.self_attn.v_proj.weight,attention,1024x4096,4194304,8388608,4254,10.5091393002,24,2.58523144971,2.58486894095,2.58486832467
/workspace/checkpoints/llama-3.1-8b-bf16/model-00002-of-00004.safetensors,model.layers.14.input_layernorm.weight,norm,4096,4096,8192,170,6.45932431046,5,0.517298051938,0.516583996102,0.516457876962
/workspace/checkpoints/llama-3.1-8b-bf16/model-00002-of-00004.safetensors,model.layers.14.mlp.down_proj.weight,mlp,4096x14336,58720256,117440512,5555,10.495990159,32,2.5703071811,2.57012673795,2.57012669418
/workspace/checkpoints/llama-3.1-8b-bf16/model-00002-of-00004.safetensors,model.layers.14.mlp.gate_proj.weight,mlp,14336x4096,58720256,117440512,5693,10.5292199961,33,2.59959384438,2.59715057608,2.59715053185
/workspace/checkpoints/llama-3.1-8b-bf16/model-00002-of-00004.safetensors,model.layers.14.mlp.up_proj.weight,mlp,14336x4096,58720256,117440512,5440,10.4928742089,32,2.56732830572,2.56725320724,2.56725316352
/workspace/checkpoints/llama-3.1-8b-bf16/model-00002-of-00004.safetensors,model.layers.14.post_attention_layernorm.weight,norm,4096,4096,8192,94,4.76385986575,3,0.0753746031208,0.0740788259662,0.0740607403154
/workspace/checkpoints/llama-3.1-8b-bf16/model-00002-of-00004.safetensors,model.layers.14.self_attn.k_proj.weight,attention,1024x4096,4194304,8388608,4545,10.6093067264,27,2.67345021263,2.66235959331,2.66235895855
/workspace/checkpoints/llama-3.1-8b-bf16/model-00002-of-00004.safetensors,model.layers.14.self_attn.o_proj.weight,attention,4096x4096,16777216,33554432,5062,10.5244494942,27,2.5963461044,2.59392120731,2.5939210527
/workspace/checkpoints/llama-3.1-8b-bf16/model-00002-of-00004.safetensors,model.layers.14.self_attn.q_proj.weight,attention,4096x4096,16777216,33554432,5131,10.5998617894,33,2.66476549815,2.65583139107,2.65583123277
/workspace/checkpoints/llama-3.1-8b-bf16/model-00002-of-00004.safetensors,model.layers.14.self_attn.v_proj.weight,attention,1024x4096,4194304,8388608,4328,10.5332260515,26,2.60577482496,2.60484377835,2.6048431573
/workspace/checkpoints/llama-3.1-8b-bf16/model-00002-of-00004.safetensors,model.layers.15.input_layernorm.weight,norm,4096,4096,8192,146,5.92587075178,4,0.269827444036,0.269634694785,0.269568866002
/workspace/checkpoints/llama-3.1-8b-bf16/model-00002-of-00004.safetensors,model.layers.15.mlp.down_proj.weight,mlp,4096x14336,58720256,117440512,5569,10.4931483103,32,2.56787788946,2.56769984615,2.56769980242
/workspace/checkpoints/llama-3.1-8b-bf16/model-00002-of-00004.safetensors,model.layers.15.mlp.gate_proj.weight,mlp,14336x4096,58720256,117440512,5683,10.5213950345,31,2.59235102487,2.5899799742,2.5899799301
/workspace/checkpoints/llama-3.1-8b-bf16/model-00002-of-00004.safetensors,model.layers.15.mlp.up_proj.weight,mlp,14336x4096,58720256,117440512,5427,10.4881813485,34,2.56315672161,2.56308651333,2.56308646968
/workspace/checkpoints/llama-3.1-8b-bf16/model-00002-of-00004.safetensors,model.layers.15.post_attention_layernorm.weight,norm,4096,4096,8192,106,4.8169584656,4,0.0955994628999,0.0944890825365,0.0944660139129
/workspace/checkpoints/llama-3.1-8b-bf16/model-00002-of-00004.safetensors,model.layers.15.self_attn.k_proj.weight,attention,1024x4096,4194304,8388608,4425,10.5642819348,26,2.6319361273,2.6263425722,2.62634194603
/workspace/checkpoints/llama-3.1-8b-bf16/model-00002-of-00004.safetensors,model.layers.15.self_attn.o_proj.weight,attention,4096x4096,16777216,33554432,5060,10.5218499652,30,2.59419476319,2.59125806305,2.59125790859
/workspace/checkpoints/llama-3.1-8b-bf16/model-00002-of-00004.safetensors,model.layers.15.self_attn.q_proj.weight,attention,4096x4096,16777216,33554432,5154,10.6542231379,31,2.71483140476,2.6934633496,2.69346318906
/workspace/checkpoints/llama-3.1-8b-bf16/model-00002-of-00004.safetensors,model.layers.15.self_attn.v_proj.weight,attention,1024x4096,4194304,8388608,4361,10.5534913563,26,2.62293111444,2.62103568054,2.62103505564
/workspace/checkpoints/llama-3.1-8b-bf16/model-00002-of-00004.safetensors,model.layers.16.input_layernorm.weight,norm,4096,4096,8192,150,5.6354804113,5,0.21822648038,0.218120111265,0.218066859285
/workspace/checkpoints/llama-3.1-8b-bf16/model-00002-of-00004.safetensors,model.layers.16.mlp.down_proj.weight,mlp,4096x14336,58720256,117440512,5562,10.4887130076,32,2.56392264332,2.56379568316,2.5637956395
/workspace/checkpoints/llama-3.1-8b-bf16/model-00002-of-00004.safetensors,model.layers.16.mlp.gate_proj.weight,mlp,14336x4096,58720256,117440512,5603,10.51978678,29,2.59087053534,2.58846043444,2.58846039036
/workspace/checkpoints/llama-3.1-8b-bf16/model-00002-of-00004.safetensors,model.layers.16.mlp.up_proj.weight,mlp,14336x4096,58720256,117440512,5400,10.4839120488,31,2.55944660679,2.55940360565,2.55940356207
/workspace/checkpoints/llama-3.1-8b-bf16/model-00002-of-00004.safetensors,model.layers.16.post_attention_layernorm.weight,norm,4096,4096,8192,125,5.10196435447,3,0.0983532477726,0.0975155234794,0.0974917159785
/workspace/checkpoints/llama-3.1-8b-bf16/model-00002-of-00004.safetensors,model.layers.16.self_attn.k_proj.weight,attention,1024x4096,4194304,8388608,4479,10.5762092405,27,2.64314199005,2.63527218315,2.63527155485
/workspace/checkpoints/llama-3.1-8b-bf16/model-00002-of-00004.safetensors,model.layers.16.self_attn.o_proj.weight,attention,4096x4096,16777216,33554432,5092,10.5047959484,31,2.57881084925,2.57704135536,2.57704120175
/workspace/checkpoints/llama-3.1-8b-bf16/model-00002-of-00004.safetensors,model.layers.16.self_attn.q_proj.weight,attention,4096x4096,16777216,33554432,5162,10.6132761087,28,2.67795833385,2.66567070144,2.66567054255
/workspace/checkpoints/llama-3.1-8b-bf16/model-00002-of-00004.safetensors,model.layers.16.self_attn.v_proj.weight,attention,1024x4096,4194304,8388608,4380,10.5289524693,27,2.60184985039,2.60111986964,2.60111924948
/workspace/checkpoints/llama-3.1-8b-bf16/model-00002-of-00004.safetensors,model.layers.17.input_layernorm.weight,norm,4096,4096,8192,131,5.39026364863,4,0.223313620303,0.223183755252,0.22312926703
/workspace/checkpoints/llama-3.1-8b-bf16/model-00002-of-00004.safetensors,model.layers.17.mlp.down_proj.weight,mlp,4096x14336,58720256,117440512,5641,10.4874440544,33,2.56276027603,2.56264847258,2.56264842894
/workspace/checkpoints/llama-3.1-8b-bf16/model-00002-of-00004.safetensors,model.layers.17.mlp.gate_proj.weight,mlp,14336x4096,58720256,117440512,5565,10.5196289133,33,2.59068108994,2.58818155958,2.58818151551
/workspace/checkpoints/llama-3.1-8b-bf16/model-00002-of-00004.safetensors,model.layers.17.mlp.up_proj.weight,mlp,14336x4096,58720256,117440512,5471,10.4820961697,30,2.55786092806,2.55782702569,2.55782698213
/workspace/checkpoints/llama-3.1-8b-bf16/model-00002-of-00004.safetensors,model.layers.17.post_attention_layernorm.weight,norm,4096,4096,8192,135,5.09888962536,3,0.0984214186292,0.0974399379379,0.0974161488905
/workspace/checkpoints/llama-3.1-8b-bf16/model-00002-of-00004.safetensors,model.layers.17.self_attn.k_proj.weight,attention,1024x4096,4194304,8388608,4471,10.5787217664,26,2.64542977405,2.63771442162,2.63771379274
/workspace/checkpoints/llama-3.1-8b-bf16/model-00002-of-00004.safetensors,model.layers.17.self_attn.o_proj.weight,attention,4096x4096,16777216,33554432,5061,10.5174441576,30,2.58987496135,2.58715119296,2.58715103875
/workspace/checkpoints/llama-3.1-8b-bf16/model-00002-of-00004.safetensors,model.layers.17.self_attn.q_proj.weight,attention,4096x4096,16777216,33554432,4959,10.6195199528,27,2.68308014498,2.66848718111,2.66848702206
/workspace/checkpoints/llama-3.1-8b-bf16/model-00002-of-00004.safetensors,model.layers.17.self_attn.v_proj.weight,attention,1024x4096,4194304,8388608,4284,10.5231819938,25,2.5973749889,2.59667790266,2.59667728356
/workspace/checkpoints/llama-3.1-8b-bf16/model-00002-of-00004.safetensors,model.layers.18.input_layernorm.weight,norm,4096,4096,8192,133,5.32862516646,5,0.306605272391,0.306328967849,0.306254180503
/workspace/checkpoints/llama-3.1-8b-bf16/model-00002-of-00004.safetensors,model.layers.18.mlp.down_proj.weight,mlp,4096x14336,58720256,117440512,5529,10.4824522737,31,2.55832823313,2.55822752122,2.55822747765
/workspace/checkpoints/llama-3.1-8b-bf16/model-00002-of-00004.safetensors,model.layers.18.mlp.gate_proj.weight,mlp,14336x4096,58720256,117440512,5557,10.509861418,33,2.58198629598,2.58009566177,2.58009561783
/workspace/checkpoints/llama-3.1-8b-bf16/model-00002-of-00004.safetensors,model.layers.18.mlp.up_proj.weight,mlp,14336x4096,58720256,117440512,5398,10.476715888,29,2.55311559825,2.55309666533,2.55309662185
/workspace/checkpoints/llama-3.1-8b-bf16/model-00002-of-00004.safetensors,model.layers.18.post_attention_layernorm.weight,norm,4096,4096,8192,144,5.18256912392,3,0.119705428838,0.119092658514,0.119063583158
/workspace/checkpoints/llama-3.1-8b-bf16/model-00002-of-00004.safetensors,model.layers.18.self_attn.k_proj.weight,attention,1024x4096,4194304,8388608,4408,10.5742006904,26,2.64155164126,2.63522836842,2.63522774013
/workspace/checkpoints/llama-3.1-8b-bf16/model-00002-of-00004.safetensors,model.layers.18.self_attn.o_proj.weight,attention,4096x4096,16777216,33554432,5053,10.4981269258,32,2.57288148162,2.57120377355,2.57120362029
/workspace/checkpoints/llama-3.1-8b-bf16/model-00002-of-00004.safetensors,model.layers.18.self_attn.q_proj.weight,attention,4096x4096,16777216,33554432,4931,10.5728555656,28,2.64005082391,2.63290399632,2.63290383939
/workspace/checkpoints/llama-3.1-8b-bf16/model-00002-of-00004.safetensors,model.layers.18.self_attn.v_proj.weight,attention,1024x4096,4194304,8388608,4354,10.5288342995,26,2.60201522372,2.60145976677,2.60145914654
/workspace/checkpoints/llama-3.1-8b-bf16/model-00002-of-00004.safetensors,model.layers.19.input_layernorm.weight,norm,4096,4096,8192,135,5.22769203959,4,0.379899096827,0.379472171477,0.379379526904
/workspace/checkpoints/llama-3.1-8b-bf16/model-00002-of-00004.safetensors,model.layers.19.mlp.down_proj.weight,mlp,4096x14336,58720256,117440512,5511,10.4811297111,34,2.55714310299,2.55705575083,2.55705570728
/workspace/checkpoints/llama-3.1-8b-bf16/model-00002-of-00004.safetensors,model.layers.19.mlp.gate_proj.weight,mlp,14336x4096,58720256,117440512,5565,10.5042460512,31,2.57700543333,2.5753665681,2.57536652424
/workspace/checkpoints/llama-3.1-8b-bf16/model-00002-of-00004.safetensors,model.layers.19.mlp.up_proj.weight,mlp,14336x4096,58720256,117440512,5394,10.4742486316,31,2.55089912297,2.55088378302,2.55088373958
/workspace/checkpoints/llama-3.1-8b-bf16/model-00002-of-00004.safetensors,model.layers.19.post_attention_layernorm.weight,norm,4096,4096,8192,148,5.13296723395,3,0.112785272828,0.1119163766,0.111889053266
/workspace/checkpoints/llama-3.1-8b-bf16/model-00002-of-00004.safetensors,model.layers.19.self_attn.k_proj.weight,attention,1024x4096,4194304,8388608,4396,10.5623764537,26,2.63043385682,2.62513193115,2.62513130527
/workspace/checkpoints/llama-3.1-8b-bf16/model-00002-of-00004.safetensors,model.layers.19.self_attn.o_proj.weight,attention,4096x4096,16777216,33554432,5026,10.4941926274,30,2.56922560912,2.56831386325,2.56831371017
/workspace/checkpoints/llama-3.1-8b-bf16/model-00002-of-00004.safetensors,model.layers.19.self_attn.q_proj.weight,attention,4096x4096,16777216,33554432,4953,10.5769695957,28,2.64389143055,2.63618298603,2.6361828289
/workspace/checkpoints/llama-3.1-8b-bf16/model-00002-of-00004.safetensors,model.layers.19.self_attn.v_proj.weight,attention,1024x4096,4194304,8388608,4312,10.5320388387,25,2.60420703092,2.60307060238,2.60306998176
/workspace/checkpoints/llama-3.1-8b-bf16/model-00002-of-00004.safetensors,model.layers.20.mlp.gate_proj.weight,mlp,14336x4096,58720256,117440512,5572,10.5001505176,30,2.5733477541,2.57199220036,2.57199215656
/workspace/checkpoints/llama-3.1-8b-bf16/model-00002-of-00004.safetensors,model.layers.20.self_attn.k_proj.weight,attention,1024x4096,4194304,8388608,4448,10.5704251709,28,2.63739382997,2.6321178587,2.63211723116
/workspace/checkpoints/llama-3.1-8b-bf16/model-00002-of-00004.safetensors,model.layers.20.self_attn.o_proj.weight,attention,4096x4096,16777216,33554432,5108,10.4935805643,31,2.56862168489,2.56724541874,2.56724526572
/workspace/checkpoints/llama-3.1-8b-bf16/model-00002-of-00004.safetensors,model.layers.20.self_attn.q_proj.weight,attention,4096x4096,16777216,33554432,4946,10.5907872618,27,2.65650868147,2.64670791732,2.64670775956
/workspace/checkpoints/llama-3.1-8b-bf16/model-00002-of-00004.safetensors,model.layers.20.self_attn.v_proj.weight,attention,1024x4096,4194304,8388608,4305,10.5268863283,27,2.59991179922,2.59915343626,2.59915281657
/workspace/checkpoints/llama-3.1-8b-bf16/model-00002-of-00004.safetensors,model.layers.9.input_layernorm.weight,norm,4096,4096,8192,201,6.56568211683,3,0.233294790398,0.232648412174,0.232591613245
/workspace/checkpoints/llama-3.1-8b-bf16/model-00002-of-00004.safetensors,model.layers.9.mlp.down_proj.weight,mlp,4096x14336,58720256,117440512,5660,10.5033638979,34,2.57740595173,2.57687532651,2.57687528263
/workspace/checkpoints/llama-3.1-8b-bf16/model-00002-of-00004.safetensors,model.layers.9.mlp.gate_proj.weight,mlp,14336x4096,58720256,117440512,5538,10.5261786083,32,2.59717469191,2.5949477368,2.59494769261
/workspace/checkpoints/llama-3.1-8b-bf16/model-00002-of-00004.safetensors,model.layers.9.mlp.up_proj.weight,mlp,14336x4096,58720256,117440512,5503,10.4849170204,30,2.5603647772,2.56032752451,2.56032748091
/workspace/checkpoints/llama-3.1-8b-bf16/model-00002-of-00004.safetensors,model.layers.9.post_attention_layernorm.weight,norm,4096,4096,8192,127,5.35583395761,3,0.407424095754,0.407433380643,0.407333909603
/workspace/checkpoints/llama-3.1-8b-bf16/model-00002-of-00004.safetensors,model.layers.9.self_attn.k_proj.weight,attention,1024x4096,4194304,8388608,4412,10.6052492276,26,2.670087227,2.65819243994,2.65819180617
/workspace/checkpoints/llama-3.1-8b-bf16/model-00002-of-00004.safetensors,model.layers.9.self_attn.o_proj.weight,attention,4096x4096,16777216,33554432,5103,10.5459223779,30,2.61595881026,2.61138402378,2.61138386812
/workspace/checkpoints/llama-3.1-8b-bf16/model-00002-of-00004.safetensors,model.layers.9.self_attn.q_proj.weight,attention,4096x4096,16777216,33554432,4954,10.6000133409,29,2.6639927517,2.65269889217,2.65269873405
/workspace/checkpoints/llama-3.1-8b-bf16/model-00002-of-00004.safetensors,model.layers.9.self_attn.v_proj.weight,attention,1024x4096,4194304,8388608,4347,10.5780191281,25,2.64560004232,2.63938705924,2.63938642996
/workspace/checkpoints/llama-3.1-8b-bf16/model-00003-of-00004.safetensors,model.layers.20.input_layernorm.weight,norm,4096,4096,8192,150,5.37116158619,5,0.448880604029,0.448341871199,0.448232412734
/workspace/checkpoints/llama-3.1-8b-bf16/model-00003-of-00004.safetensors,model.layers.20.mlp.down_proj.weight,mlp,4096x14336,58720256,117440512,5489,10.4793883431,30,2.55567927888,2.55560524981,2.55560520628
/workspace/checkpoints/llama-3.1-8b-bf16/model-00003-of-00004.safetensors,model.layers.20.mlp.up_proj.weight,mlp,14336x4096,58720256,117440512,5378,10.473331442,30,2.55010138701,2.55008706845,2.55008702502
/workspace/checkpoints/llama-3.1-8b-bf16/model-00003-of-00004.safetensors,model.layers.20.post_attention_layernorm.weight,norm,4096,4096,8192,145,5.07476957491,3,0.112464765025,0.111548781475,0.111521547885
/workspace/checkpoints/llama-3.1-8b-bf16/model-00003-of-00004.safetensors,model.layers.21.input_layernorm.weight,norm,4096,4096,8192,149,5.35981918012,5,0.410580986203,0.410047942516,0.409947833155
/workspace/checkpoints/llama-3.1-8b-bf16/model-00003-of-00004.safetensors,model.layers.21.mlp.down_proj.weight,mlp,4096x14336,58720256,117440512,5507,10.480837179,33,2.55685194366,2.55678028034,2.5567802368
/workspace/checkpoints/llama-3.1-8b-bf16/model-00003-of-00004.safetensors,model.layers.21.mlp.gate_proj.weight,mlp,14336x4096,58720256,117440512,5612,10.4991836814,33,2.57263935817,2.57135284033,2.57135279654
/workspace/checkpoints/llama-3.1-8b-bf16/model-00003-of-00004.safetensors,model.layers.21.mlp.up_proj.weight,mlp,14336x4096,58720256,117440512,5413,10.4738780693,33,2.55060982516,2.55059408004,2.5505940366
/workspace/checkpoints/llama-3.1-8b-bf16/model-00003-of-00004.safetensors,model.layers.21.post_attention_layernorm.weight,norm,4096,4096,8192,155,5.03064094511,3,0.109689163506,0.109062029611,0.109035403139
/workspace/checkpoints/llama-3.1-8b-bf16/model-00003-of-00004.safetensors,model.layers.21.self_attn.k_proj.weight,attention,1024x4096,4194304,8388608,4402,10.5479144615,26,2.61727893297,2.61369733893,2.61369671577
/workspace/checkpoints/llama-3.1-8b-bf16/model-00003-of-00004.safetensors,model.layers.21.self_attn.o_proj.weight,attention,4096x4096,16777216,33554432,5140,10.5045222276,30,2.57831007885,2.57620139691,2.57620124335
/workspace/checkpoints/llama-3.1-8b-bf16/model-00003-of-00004.safetensors,model.layers.21.self_attn.q_proj.weight,attention,4096x4096,16777216,33554432,4967,10.5574629737,29,2.62607562424,2.62075723458,2.62075707837
/workspace/checkpoints/llama-3.1-8b-bf16/model-00003-of-00004.safetensors,model.layers.21.self_attn.v_proj.weight,attention,1024x4096,4194304,8388608,4375,10.5237677893,24,2.59671696326,2.59618261339,2.59618199441
/workspace/checkpoints/llama-3.1-8b-bf16/model-00003-of-00004.safetensors,model.layers.22.input_layernorm.weight,norm,4096,4096,8192,161,5.3713793807,5,0.549666260592,0.548980982455,0.548846953894
/workspace/checkpoints/llama-3.1-8b-bf16/model-00003-of-00004.safetensors,model.layers.22.mlp.down_proj.weight,mlp,4096x14336,58720256,117440512,5422,10.4802017892,32,2.556456406,2.556357471,2.55635742746
/workspace/checkpoints/llama-3.1-8b-bf16/model-00003-of-00004.safetensors,model.layers.22.mlp.gate_proj.weight,mlp,14336x4096,58720256,117440512,5531,10.4926142801,29,2.56681997026,2.56587721913,2.56587717543
/workspace/checkpoints/llama-3.1-8b-bf16/model-00003-of-00004.safetensors,model.layers.22.mlp.up_proj.weight,mlp,14336x4096,58720256,117440512,5386,10.4715661617,31,2.54842814826,2.5484178771,2.5484178337
/workspace/checkpoints/llama-3.1-8b-bf16/model-00003-of-00004.safetensors,model.layers.22.post_attention_layernorm.weight,norm,4096,4096,8192,161,5.03492892664,4,0.117701518506,0.116814685188,0.116786165978
/workspace/checkpoints/llama-3.1-8b-bf16/model-00003-of-00004.safetensors,model.layers.22.self_attn.k_proj.weight,attention,1024x4096,4194304,8388608,4436,10.5603204874,26,2.62844231998,2.62393393834,2.62393331275
/workspace/checkpoints/llama-3.1-8b-bf16/model-00003-of-00004.safetensors,model.layers.22.self_attn.o_proj.weight,attention,4096x4096,16777216,33554432,5042,10.4852907274,30,2.56113375141,2.56061143609,2.56061128346
/workspace/checkpoints/llama-3.1-8b-bf16/model-00003-of-00004.safetensors,model.layers.22.self_attn.q_proj.weight,attention,4096x4096,16777216,33554432,4948,10.5557516445,30,2.62504229394,2.62036068688,2.62036053069
/workspace/checkpoints/llama-3.1-8b-bf16/model-00003-of-00004.safetensors,model.layers.22.self_attn.v_proj.weight,attention,1024x4096,4194304,8388608,4299,10.5136571523,25,2.58827273367,2.58809973341,2.58809911636
/workspace/checkpoints/llama-3.1-8b-bf16/model-00003-of-00004.safetensors,model.layers.23.input_layernorm.weight,norm,4096,4096,8192,151,5.16286456617,5,0.722704027748,0.722457197728,0.722280816576
/workspace/checkpoints/llama-3.1-8b-bf16/model-00003-of-00004.safetensors,model.layers.23.mlp.down_proj.weight,mlp,4096x14336,58720256,117440512,5390,10.48036532,32,2.55654625867,2.55642616091,2.55642611737
/workspace/checkpoints/llama-3.1-8b-bf16/model-00003-of-00004.safetensors,model.layers.23.mlp.gate_proj.weight,mlp,14336x4096,58720256,117440512,5543,10.4912044998,31,2.56566763623,2.56481097127,2.56481092759
/workspace/checkpoints/llama-3.1-8b-bf16/model-00003-of-00004.safetensors,model.layers.23.mlp.up_proj.weight,mlp,14336x4096,58720256,117440512,5374,10.471038817,28,2.54807899938,2.54806969422,2.54806965082
/workspace/checkpoints/llama-3.1-8b-bf16/model-00003-of-00004.safetensors,model.layers.23.post_attention_layernorm.weight,norm,4096,4096,8192,169,4.98425110062,4,0.117790712357,0.116752264806,0.116723760835
/workspace/checkpoints/llama-3.1-8b-bf16/model-00003-of-00004.safetensors,model.layers.23.self_attn.k_proj.weight,attention,1024x4096,4194304,8388608,4447,10.5505291781,27,2.61916684858,2.61601727108,2.61601664737
/workspace/checkpoints/llama-3.1-8b-bf16/model-00003-of-00004.safetensors,model.layers.23.self_attn.o_proj.weight,attention,4096x4096,16777216,33554432,4947,10.4794425673,29,2.55588053286,2.55553483216,2.55553467984
/workspace/checkpoints/llama-3.1-8b-bf16/model-00003-of-00004.safetensors,model.layers.23.self_attn.q_proj.weight,attention,4096x4096,16777216,33554432,5009,10.5629110272,26,2.63227688621,2.62707992976,2.62707977317
/workspace/checkpoints/llama-3.1-8b-bf16/model-00003-of-00004.safetensors,model.layers.23.self_attn.v_proj.weight,attention,1024x4096,4194304,8388608,4319,10.5057249707,24,2.58032522631,2.58020702684,2.58020641167
/workspace/checkpoints/llama-3.1-8b-bf16/model-00003-of-00004.safetensors,model.layers.24.input_layernorm.weight,norm,4096,4096,8192,156,5.45274944212,5,0.813727913904,0.813567590904,0.813368966004
/workspace/checkpoints/llama-3.1-8b-bf16/model-00003-of-00004.safetensors,model.layers.24.mlp.down_proj.weight,mlp,4096x14336,58720256,117440512,5386,10.4797774013,32,2.55606296421,2.55594389233,2.5559438488
/workspace/checkpoints/llama-3.1-8b-bf16/model-00003-of-00004.safetensors,model.layers.24.mlp.gate_proj.weight,mlp,14336x4096,58720256,117440512,5521,10.4905691785,33,2.56510741007,2.56431742281,2.56431737914
/workspace/checkpoints/llama-3.1-8b-bf16/model-00003-of-00004.safetensors,model.layers.24.mlp.up_proj.weight,mlp,14336x4096,58720256,117440512,5393,10.4709599824,32,2.54789805979,2.54788724869,2.5478872053
/workspace/checkpoints/llama-3.1-8b-bf16/model-00003-of-00004.safetensors,model.layers.24.post_attention_layernorm.weight,norm,4096,4096,8192,167,4.90608583046,5,0.320483115867,0.318671007774,0.318593207235
/workspace/checkpoints/llama-3.1-8b-bf16/model-00003-of-00004.safetensors,model.layers.24.self_attn.k_proj.weight,attention,1024x4096,4194304,8388608,4464,10.5906471672,26,2.65641526019,2.64901453479,2.64901390322
/workspace/checkpoints/llama-3.1-8b-bf16/model-00003-of-00004.safetensors,model.layers.24.self_attn.o_proj.weight,attention,4096x4096,16777216,33554432,4912,10.4860605577,29,2.56153851613,2.56111349673,2.56111334407
/workspace/checkpoints/llama-3.1-8b-bf16/model-00003-of-00004.safetensors,model.layers.24.self_attn.q_proj.weight,attention,4096x4096,16777216,33554432,5010,10.5687314959,29,2.63733150561,2.63152013836,2.63151998151
/workspace/checkpoints/llama-3.1-8b-bf16/model-00003-of-00004.safetensors,model.layers.24.self_attn.v_proj.weight,attention,1024x4096,4194304,8388608,4299,10.5282797171,26,2.60067382378,2.60009871442,2.60009809451
/workspace/checkpoints/llama-3.1-8b-bf16/model-00003-of-00004.safetensors,model.layers.25.input_layernorm.weight,norm,4096,4096,8192,156,5.36394145387,5,0.987695105948,0.986837108606,0.986596181577
/workspace/checkpoints/llama-3.1-8b-bf16/model-00003-of-00004.safetensors,model.layers.25.mlp.down_proj.weight,mlp,4096x14336,58720256,117440512,5384,10.4800611075,32,2.55623241174,2.55611950511,2.55611946158
/workspace/checkpoints/llama-3.1-8b-bf16/model-00003-of-00004.safetensors,model.layers.25.mlp.gate_proj.weight,mlp,14336x4096,58720256,117440512,5545,10.4923770132,30,2.56663624452,2.56567501999,2.5656749763
/workspace/checkpoints/llama-3.1-8b-bf16/model-00003-of-00004.safetensors,model.layers.25.mlp.up_proj.weight,mlp,14336x4096,58720256,117440512,5442,10.4711511054,31,2.54803143342,2.54802073578,2.54802069239
/workspace/checkpoints/llama-3.1-8b-bf16/model-00003-of-00004.safetensors,model.layers.25.post_attention_layernorm.weight,norm,4096,4096,8192,153,4.19718410164,4,1.00533338018,1.00398030228,1.0037351899
/workspace/checkpoints/llama-3.1-8b-bf16/model-00003-of-00004.safetensors,model.layers.25.self_attn.k_proj.weight,attention,1024x4096,4194304,8388608,4521,10.608525349,26,2.67423998349,2.66408719518,2.66408656001
/workspace/checkpoints/llama-3.1-8b-bf16/model-00003-of-00004.safetensors,model.layers.25.self_attn.o_proj.weight,attention,4096x4096,16777216,33554432,5011,10.491313327,31,2.56598086244,2.56504013305,2.56503998016
/workspace/checkpoints/llama-3.1-8b-bf16/model-00003-of-00004.safetensors,model.layers.25.self_attn.q_proj.weight,attention,4096x4096,16777216,33554432,4998,10.5515505076,28,2.62117376599,2.61745863288,2.61745847687
/workspace/checkpoints/llama-3.1-8b-bf16/model-00003-of-00004.safetensors,model.layers.25.self_attn.v_proj.weight,attention,1024x4096,4194304,8388608,4375,10.5123430097,28,2.58535757344,2.58516098819,2.58516037184
/workspace/checkpoints/llama-3.1-8b-bf16/model-00003-of-00004.safetensors,model.layers.26.input_layernorm.weight,norm,4096,4096,8192,163,5.52801094844,4,0.63409679549,0.63349067485,0.63333601404
/workspace/checkpoints/llama-3.1-8b-bf16/model-00003-of-00004.safetensors,model.layers.26.mlp.down_proj.weight,mlp,4096x14336,58720256,117440512,5363,10.4818451555,33,2.55779461539,2.55765349014,2.55765344659
/workspace/checkpoints/llama-3.1-8b-bf16/model-00003-of-00004.safetensors,model.layers.26.mlp.gate_proj.weight,mlp,14336x4096,58720256,117440512,5583,10.499807341,32,2.57285941456,2.57129399013,2.57129394634
/workspace/checkpoints/llama-3.1-8b-bf16/model-00003-of-00004.safetensors,model.layers.26.mlp.up_proj.weight,mlp,14336x4096,58720256,117440512,5342,10.4714211506,33,2.54817151187,2.5481599461,2.5481599027
/workspace/checkpoints/llama-3.1-8b-bf16/model-00003-of-00004.safetensors,model.layers.26.post_attention_layernorm.weight,norm,4096,4096,8192,151,3.85501235327,5,0.554005498994,0.552430572383,0.552295701638
/workspace/checkpoints/llama-3.1-8b-bf16/model-00003-of-00004.safetensors,model.layers.26.self_attn.k_proj.weight,attention,1024x4096,4194304,8388608,4515,10.5999503209,28,2.66514626758,2.6566048593,2.65660422591
/workspace/checkpoints/llama-3.1-8b-bf16/model-00003-of-00004.safetensors,model.layers.26.self_attn.o_proj.weight,attention,4096x4096,16777216,33554432,5056,10.4930180476,29,2.5675476678,2.56664900467,2.56664885168
/workspace/checkpoints/llama-3.1-8b-bf16/model-00003-of-00004.safetensors,model.layers.26.self_attn.q_proj.weight,attention,4096x4096,16777216,33554432,4973,10.5588567653,29,2.62769226402,2.62308856524,2.6230884089
/workspace/checkpoints/llama-3.1-8b-bf16/model-00003-of-00004.safetensors,model.layers.26.self_attn.v_proj.weight,attention,1024x4096,4194304,8388608,4350,10.5191949712,28,2.5934217194,2.59327553134,2.59327491306
/workspace/checkpoints/llama-3.1-8b-bf16/model-00003-of-00004.safetensors,model.layers.27.input_layernorm.weight,norm,4096,4096,8192,177,5.49261752354,5,1.05018504227,1.04949446159,1.04923823735
/workspace/checkpoints/llama-3.1-8b-bf16/model-00003-of-00004.safetensors,model.layers.27.mlp.down_proj.weight,mlp,4096x14336,58720256,117440512,5361,10.4812077982,33,2.55696386494,2.556854076,2.55685403246
/workspace/checkpoints/llama-3.1-8b-bf16/model-00003-of-00004.safetensors,model.layers.27.mlp.gate_proj.weight,mlp,14336x4096,58720256,117440512,5516,10.5061615839,33,2.57814862729,2.57597039045,2.57597034658
/workspace/checkpoints/llama-3.1-8b-bf16/model-00003-of-00004.safetensors,model.layers.27.mlp.up_proj.weight,mlp,14336x4096,58720256,117440512,5394,10.4722625192,30,2.54874171385,2.5487289564,2.54872891299
/workspace/checkpoints/llama-3.1-8b-bf16/model-00003-of-00004.safetensors,model.layers.27.post_attention_layernorm.weight,norm,4096,4096,8192,143,3.71770940785,4,0.399629013401,0.397989899569,0.397892734067
/workspace/checkpoints/llama-3.1-8b-bf16/model-00003-of-00004.safetensors,model.layers.27.self_attn.k_proj.weight,attention,1024x4096,4194304,8388608,4545,10.6158711685,27,2.6799566488,2.66934589508,2.66934525866
/workspace/checkpoints/llama-3.1-8b-bf16/model-00003-of-00004.safetensors,model.layers.27.self_attn.o_proj.weight,attention,4096x4096,16777216,33554432,5141,10.4912729596,29,2.56606137309,2.56511617236,2.56511601946
/workspace/checkpoints/llama-3.1-8b-bf16/model-00003-of-00004.safetensors,model.layers.27.self_attn.q_proj.weight,attention,4096x4096,16777216,33554432,4999,10.5654363213,27,2.63431951052,2.62935467582,2.6293545191
/workspace/checkpoints/llama-3.1-8b-bf16/model-00003-of-00004.safetensors,model.layers.27.self_attn.v_proj.weight,attention,1024x4096,4194304,8388608,4443,10.5307266873,28,2.60243110695,2.60187086905,2.60187024872
/workspace/checkpoints/llama-3.1-8b-bf16/model-00003-of-00004.safetensors,model.layers.28.input_layernorm.weight,norm,4096,4096,8192,167,5.15230149214,5,1.03165825437,1.03069482085,1.03044318637
/workspace/checkpoints/llama-3.1-8b-bf16/model-00003-of-00004.safetensors,model.layers.28.mlp.down_proj.weight,mlp,4096x14336,58720256,117440512,5379,10.4845945267,31,2.56006894184,2.55996385652,2.55996381292
/workspace/checkpoints/llama-3.1-8b-bf16/model-00003-of-00004.safetensors,model.layers.28.mlp.gate_proj.weight,mlp,14336x4096,58720256,117440512,5557,10.51244744,29,2.58348864958,2.58068463926,2.58068459531
/workspace/checkpoints/llama-3.1-8b-bf16/model-00003-of-00004.safetensors,model.layers.28.mlp.up_proj.weight,mlp,14336x4096,58720256,117440512,5409,10.4745746746,32,2.55090524221,2.55088264539,2.55088260195
/workspace/checkpoints/llama-3.1-8b-bf16/model-00003-of-00004.safetensors,model.layers.28.post_attention_layernorm.weight,norm,4096,4096,8192,123,3.57734650895,4,0.290979428139,0.289886186493,0.289815413498
/workspace/checkpoints/llama-3.1-8b-bf16/model-00003-of-00004.safetensors,model.layers.28.self_attn.k_proj.weight,attention,1024x4096,4194304,8388608,4462,10.5446886114,27,2.61379779349,2.61154559552,2.61154497288
/workspace/checkpoints/llama-3.1-8b-bf16/model-00003-of-00004.safetensors,model.layers.28.self_attn.o_proj.weight,attention,4096x4096,16777216,33554432,5041,10.5037176168,29,2.57712622256,2.57580719226,2.57580703873
/workspace/checkpoints/llama-3.1-8b-bf16/model-00003-of-00004.safetensors,model.layers.28.self_attn.q_proj.weight,attention,4096x4096,16777216,33554432,5026,10.5585000173,30,2.62834549569,2.62360421357,2.62360405719
/workspace/checkpoints/llama-3.1-8b-bf16/model-00003-of-00004.safetensors,model.layers.28.self_attn.v_proj.weight,attention,1024x4096,4194304,8388608,4335,10.5252882029,27,2.59933070606,2.59908526074,2.59908464107
/workspace/checkpoints/llama-3.1-8b-bf16/model-00003-of-00004.safetensors,model.layers.29.input_layernorm.weight,norm,4096,4096,8192,170,5.30215224622,6,0.558851844116,0.557098086625,0.55696207635
/workspace/checkpoints/llama-3.1-8b-bf16/model-00003-of-00004.safetensors,model.layers.29.mlp.down_proj.weight,mlp,4096x14336,58720256,117440512,5416,10.489030928,32,2.56402296041,2.56395060492,2.56395056126
/workspace/checkpoints/llama-3.1-8b-bf16/model-00003-of-00004.safetensors,model.layers.29.mlp.gate_proj.weight,mlp,14336x4096,58720256,117440512,5560,10.5207174519,30,2.5905385021,2.58676952637,2.58676948232
/workspace/checkpoints/llama-3.1-8b-bf16/model-00003-of-00004.safetensors,model.layers.29.mlp.up_proj.weight,mlp,14336x4096,58720256,117440512,5441,10.4769610957,31,2.55309389481,2.55304004491,2.55304000143
/workspace/checkpoints/llama-3.1-8b-bf16/model-00003-of-00004.safetensors,model.layers.29.post_attention_layernorm.weight,norm,4096,4096,8192,114,3.62743369286,4,0.23285230258,0.231782335276,0.231725747791
/workspace/checkpoints/llama-3.1-8b-bf16/model-00003-of-00004.safetensors,model.layers.29.self_attn.k_proj.weight,attention,1024x4096,4194304,8388608,4493,10.5560878904,27,2.62474330061,2.62090514286,2.62090451798
/workspace/checkpoints/llama-3.1-8b-bf16/model-00003-of-00004.safetensors,model.layers.29.self_attn.o_proj.weight,attention,4096x4096,16777216,33554432,4985,10.4951119668,28,2.56953029273,2.56863700471,2.56863685161
/workspace/checkpoints/llama-3.1-8b-bf16/model-00003-of-00004.safetensors,model.layers.29.self_attn.q_proj.weight,attention,4096x4096,16777216,33554432,5007,10.5437674469,28,2.61387923051,2.61091370103,2.61091354541
/workspace/checkpoints/llama-3.1-8b-bf16/model-00003-of-00004.safetensors,model.layers.29.self_attn.v_proj.weight,attention,1024x4096,4194304,8388608,4413,10.5189167278,27,2.59406404167,2.59387042105,2.59386980262
/workspace/checkpoints/llama-3.1-8b-bf16/model-00003-of-00004.safetensors,model.layers.30.input_layernorm.weight,norm,4096,4096,8192,218,6.0352287746,5,0.895111356016,0.893805578929,0.893587364676
/workspace/checkpoints/llama-3.1-8b-bf16/model-00003-of-00004.safetensors,model.layers.30.mlp.down_proj.weight,mlp,4096x14336,58720256,117440512,5532,10.4983543091,32,2.57226053042,2.57224636461,2.57224632081
/workspace/checkpoints/llama-3.1-8b-bf16/model-00003-of-00004.safetensors,model.layers.30.mlp.gate_proj.weight,mlp,14336x4096,58720256,117440512,5556,10.5329829701,31,2.60133341782,2.59641486582,2.59641482161
/workspace/checkpoints/llama-3.1-8b-bf16/model-00003-of-00004.safetensors,model.layers.30.mlp.up_proj.weight,mlp,14336x4096,58720256,117440512,5465,10.4837078107,30,2.55892656243,2.558755773,2.55875572943
/workspace/checkpoints/llama-3.1-8b-bf16/model-00003-of-00004.safetensors,model.layers.30.post_attention_layernorm.weight,norm,4096,4096,8192,142,4.12271372198,4,0.241460384652,0.240610280071,0.240551537327
/workspace/checkpoints/llama-3.1-8b-bf16/model-00003-of-00004.safetensors,model.layers.30.self_attn.k_proj.weight,attention,1024x4096,4194304,8388608,4599,10.5839907752,27,2.65004751437,2.64514316006,2.6451425294
/workspace/checkpoints/llama-3.1-8b-bf16/model-00003-of-00004.safetensors,model.layers.30.self_attn.o_proj.weight,attention,4096x4096,16777216,33554432,5095,10.4986618374,30,2.57296431095,2.5717126925,2.57171253921
/workspace/checkpoints/llama-3.1-8b-bf16/model-00003-of-00004.safetensors,model.layers.30.self_attn.q_proj.weight,attention,4096x4096,16777216,33554432,5072,10.6170649232,30,2.68208814818,2.66973159716,2.66973143803
/workspace/checkpoints/llama-3.1-8b-bf16/model-00003-of-00004.safetensors,model.layers.30.self_attn.v_proj.weight,attention,1024x4096,4194304,8388608,4407,10.5430875334,27,2.61545623159,2.6149511849,2.61495056145
/workspace/checkpoints/llama-3.1-8b-bf16/model-00003-of-00004.safetensors,model.layers.31.mlp.gate_proj.weight,mlp,14336x4096,58720256,117440512,5633,10.5372402143,31,2.6060039504,2.60083113345,2.60083108915
/workspace/checkpoints/llama-3.1-8b-bf16/model-00003-of-00004.safetensors,model.layers.31.mlp.up_proj.weight,mlp,14336x4096,58720256,117440512,5584,10.5022957119,32,2.57595697264,2.57491669367,2.57491664982
/workspace/checkpoints/llama-3.1-8b-bf16/model-00003-of-00004.safetensors,model.layers.31.self_attn.k_proj.weight,attention,1024x4096,4194304,8388608,4553,10.5495545932,28,2.61837703812,2.61561996256,2.61561933895
/workspace/checkpoints/llama-3.1-8b-bf16/model-00003-of-00004.safetensors,model.layers.31.self_attn.o_proj.weight,attention,4096x4096,16777216,33554432,5152,10.5231343842,27,2.59424994022,2.59113324996,2.59113309552
/workspace/checkpoints/llama-3.1-8b-bf16/model-00003-of-00004.safetensors,model.layers.31.self_attn.q_proj.weight,attention,4096x4096,16777216,33554432,5146,10.5817201072,30,2.64853563677,2.64100776461,2.6410076072
/workspace/checkpoints/llama-3.1-8b-bf16/model-00003-of-00004.safetensors,model.layers.31.self_attn.v_proj.weight,attention,1024x4096,4194304,8388608,4462,10.5422687764,27,2.61306947718,2.6117497527,2.61174913001
/workspace/checkpoints/llama-3.1-8b-bf16/model-00004-of-00004.safetensors,lm_head.weight,other,128256x4096,525336576,1050673152,6479,10.5152546874,33,2.58659106951,2.58597677519,2.58597677026
/workspace/checkpoints/llama-3.1-8b-bf16/model-00004-of-00004.safetensors,model.layers.31.input_layernorm.weight,norm,4096,4096,8192,268,6.81839252514,5,0.543648860506,0.542929392424,0.542796841303
/workspace/checkpoints/llama-3.1-8b-bf16/model-00004-of-00004.safetensors,model.layers.31.mlp.down_proj.weight,mlp,4096x14336,58720256,117440512,5626,10.5300702441,32,2.60109559184,2.60107696001,2.60107691571
/workspace/checkpoints/llama-3.1-8b-bf16/model-00004-of-00004.safetensors,model.layers.31.post_attention_layernorm.weight,norm,4096,4096,8192,222,6.00951704317,6,1.12462742323,1.1228558844,1.12258174967
/workspace/checkpoints/llama-3.1-8b-bf16/model-00004-of-00004.safetensors,model.norm.weight,norm,4096,4096,8192,132,4.89004344787,4,0.223080331333,0.221988199916,0.221934003578
