archive_path,source_path,tensor_index,tensor_name,role,dtype,shape,source_tensor_bytes,archive_record_bytes,program_bytes,record_framing_bytes,saved_bytes_vs_record,source_over_record_ratio,record_percent_of_source,program_selection,root_operator,node_count,max_depth,literal_count,literal_semantic_storage_bytes,literal_body_bytes,operator_counts,operator_exclusive_bytes,literal_codec_counts,literal_codec_body_bytes,literal_codec_semantic_bytes,literal_codec_payload_bytes,stored_xxh3_64_le_bytes_hex
/workspace/Brevis/results/llama31-8b-shard1-extra-minimal/archives/llama-3.1-8b-bf16-shard1/budget-32/model-00001-of-00004.budget-32.brv,/workspace/checkpoints/llama-3.1-8b-bf16/model-00001-of-00004.safetensors,0,model.embed_tokens.weight,embedding,BF16,128256x4096,1050673152,691938594,691938542,52,358734558,1.51844854603,65.8566931765,literal_fallback,literal,1,1,1,1050673152,691938525,"{""literal"":1}","{""literal"":691938537}","{""huffman"":1}","{""huffman"":691938525}","{""huffman"":1050673152}","{""huffman"":691892722}",9540b151e4754fe7
/workspace/Brevis/results/llama31-8b-shard1-extra-minimal/archives/llama-3.1-8b-bf16-shard1/budget-32/model-00001-of-00004.budget-32.brv,/workspace/checkpoints/llama-3.1-8b-bf16/model-00001-of-00004.safetensors,1,model.layers.0.input_layernorm.weight,norm,BF16,4096,8192,5906,5851,55,2286,1.38706400271,72.0947265625,synthesized,merge.byte_planes,3,2,2,8192,5831,"{""literal"":2,""merge.byte_planes"":1}","{""literal"":5843,""merge.byte_planes"":3}","{""huffman"":1,""raw"":1}","{""huffman"":1734,""raw"":4097}","{""huffman"":4096,""raw"":4096}","{""huffman"":1606,""raw"":4096}",4f44f9795ff94f4c
/workspace/Brevis/results/llama31-8b-shard1-extra-minimal/archives/llama-3.1-8b-bf16-shard1/budget-32/model-00001-of-00004.budget-32.brv,/workspace/checkpoints/llama-3.1-8b-bf16/model-00001-of-00004.safetensors,2,model.layers.0.mlp.down_proj.weight,mlp,BF16,4096x14336,117440512,77123952,77123893,59,40316560,1.52275018272,65.6706537519,synthesized,merge.fields,3,2,2,176160768,77123864,"{""literal"":2,""merge.fields"":1}","{""literal"":77123884,""merge.fields"":4}","{""rans"":2}","{""rans"":77123864}","{""rans"":176160768}","{""rans"":77120222}",5f99ac0cd4d70e73
/workspace/Brevis/results/llama31-8b-shard1-extra-minimal/archives/llama-3.1-8b-bf16-shard1/budget-32/model-00001-of-00004.budget-32.brv,/workspace/checkpoints/llama-3.1-8b-bf16/model-00001-of-00004.safetensors,3,model.layers.0.mlp.gate_proj.weight,mlp,BF16,14336x4096,117440512,77202071,77202012,59,40238441,1.52120934683,65.737171684,synthesized,merge.fields,3,2,2,176160768,77201983,"{""literal"":2,""merge.fields"":1}","{""literal"":77202003,""merge.fields"":4}","{""rans"":2}","{""rans"":77201983}","{""rans"":176160768}","{""rans"":77198325}",bf92c4261210aaca
/workspace/Brevis/results/llama31-8b-shard1-extra-minimal/archives/llama-3.1-8b-bf16-shard1/budget-32/model-00001-of-00004.budget-32.brv,/workspace/checkpoints/llama-3.1-8b-bf16/model-00001-of-00004.safetensors,4,model.layers.0.mlp.up_proj.weight,mlp,BF16,14336x4096,117440512,77144851,77144794,57,40295661,1.52233766062,65.6884491444,synthesized,merge.fields,3,2,2,176160768,77144765,"{""literal"":2,""merge.fields"":1}","{""literal"":77144785,""merge.fields"":4}","{""rans"":2}","{""rans"":77144765}","{""rans"":176160768}","{""rans"":77141323}",2b085bdef3ff3dc2
/workspace/Brevis/results/llama31-8b-shard1-extra-minimal/archives/llama-3.1-8b-bf16-shard1/budget-32/model-00001-of-00004.budget-32.brv,/workspace/checkpoints/llama-3.1-8b-bf16/model-00001-of-00004.safetensors,5,model.layers.0.post_attention_layernorm.weight,norm,BF16,4096,8192,2751,2687,64,5441,2.977826245,33.5815429688,synthesized,merge.fields,3,2,2,12288,2666,"{""literal"":2,""merge.fields"":1}","{""literal"":2678,""merge.fields"":4}","{""huffman"":1,""rans"":1}","{""huffman"":1930,""rans"":736}","{""huffman"":4096,""rans"":8192}","{""huffman"":1837,""rans"":411}",1ec96f123ab00d94
/workspace/Brevis/results/llama31-8b-shard1-extra-minimal/archives/llama-3.1-8b-bf16-shard1/budget-32/model-00001-of-00004.budget-32.brv,/workspace/checkpoints/llama-3.1-8b-bf16/model-00001-of-00004.safetensors,6,model.layers.0.self_attn.k_proj.weight,attention,BF16,1024x4096,8388608,5945050,5944988,62,2443558,1.41102396111,70.8705186844,synthesized,merge.fields,3,2,2,12582912,5944960,"{""literal"":2,""merge.fields"":1}","{""literal"":5944979,""merge.fields"":4}","{""rans"":2}","{""rans"":5944960}","{""rans"":12582912}","{""rans"":5941478}",0faf4a48653f6698
/workspace/Brevis/results/llama31-8b-shard1-extra-minimal/archives/llama-3.1-8b-bf16-shard1/budget-32/model-00001-of-00004.budget-32.brv,/workspace/checkpoints/llama-3.1-8b-bf16/model-00001-of-00004.safetensors,7,model.layers.0.self_attn.o_proj.weight,attention,BF16,4096x4096,33554432,22183214,22183152,62,11371218,1.51260462077,66.1111295223,synthesized,merge.fields,3,2,2,50331648,22183123,"{""literal"":2,""merge.fields"":1}","{""literal"":22183143,""merge.fields"":4}","{""rans"":2}","{""rans"":22183123}","{""rans"":50331648}","{""rans"":22179673}",ee0860d5689facc0
/workspace/Brevis/results/llama31-8b-shard1-extra-minimal/archives/llama-3.1-8b-bf16-shard1/budget-32/model-00001-of-00004.budget-32.brv,/workspace/checkpoints/llama-3.1-8b-bf16/model-00001-of-00004.safetensors,8,model.layers.0.self_attn.q_proj.weight,attention,BF16,4096x4096,33554432,23992104,23992042,62,9562328,1.39856146005,71.5020418167,synthesized,merge.fields,3,2,2,50331648,23992013,"{""literal"":2,""merge.fields"":1}","{""literal"":23992033,""merge.fields"":4}","{""rans"":2}","{""rans"":23992013}","{""rans"":50331648}","{""rans"":23988139}",57d15de45443ba37
/workspace/Brevis/results/llama31-8b-shard1-extra-minimal/archives/llama-3.1-8b-bf16-shard1/budget-32/model-00001-of-00004.budget-32.brv,/workspace/checkpoints/llama-3.1-8b-bf16/model-00001-of-00004.safetensors,9,model.layers.0.self_attn.v_proj.weight,attention,BF16,1024x4096,8388608,5718620,5718558,62,2669988,1.46689376108,68.1712627411,synthesized,merge.fields,3,2,2,12582912,5718530,"{""literal"":2,""merge.fields"":1}","{""literal"":5718549,""merge.fields"":4}","{""rans"":2}","{""rans"":5718530}","{""rans"":12582912}","{""rans"":5715496}",2b7afea7500b0428
/workspace/Brevis/results/llama31-8b-shard1-extra-minimal/archives/llama-3.1-8b-bf16-shard1/budget-32/model-00001-of-00004.budget-32.brv,/workspace/checkpoints/llama-3.1-8b-bf16/model-00001-of-00004.safetensors,10,model.layers.1.input_layernorm.weight,norm,BF16,4096,8192,4519,4464,55,3673,1.81279044036,55.1635742188,synthesized,merge.fields,3,2,2,12288,4443,"{""literal"":2,""merge.fields"":1}","{""literal"":4455,""merge.fields"":4}","{""bitpack"":1,""huffman"":1}","{""bitpack"":2050,""huffman"":2393}","{""bitpack"":4096,""huffman"":8192}","{""bitpack"":2048,""huffman"":2060}",33255fae79e9cf88
/workspace/Brevis/results/llama31-8b-shard1-extra-minimal/archives/llama-3.1-8b-bf16-shard1/budget-32/model-00001-of-00004.budget-32.brv,/workspace/checkpoints/llama-3.1-8b-bf16/model-00001-of-00004.safetensors,11,model.layers.1.mlp.down_proj.weight,mlp,BF16,4096x14336,117440512,77087664,77087605,59,40352848,1.52346699726,65.6397547041,synthesized,merge.fields,3,2,2,176160768,77087576,"{""literal"":2,""merge.fields"":1}","{""literal"":77087596,""merge.fields"":4}","{""rans"":2}","{""rans"":77087576}","{""rans"":176160768}","{""rans"":77083966}",d8e906a71e340ea5
/workspace/Brevis/results/llama31-8b-shard1-extra-minimal/archives/llama-3.1-8b-bf16-shard1/budget-32/model-00001-of-00004.budget-32.brv,/workspace/checkpoints/llama-3.1-8b-bf16/model-00001-of-00004.safetensors,12,model.layers.1.mlp.gate_proj.weight,mlp,BF16,14336x4096,117440512,77138790,77138731,59,40301722,1.52245727474,65.6832882336,synthesized,merge.fields,3,2,2,176160768,77138702,"{""literal"":2,""merge.fields"":1}","{""literal"":77138722,""merge.fields"":4}","{""rans"":2}","{""rans"":77138702}","{""rans"":176160768}","{""rans"":77135140}",692f4f190d2c74e2
/workspace/Brevis/results/llama31-8b-shard1-extra-minimal/archives/llama-3.1-8b-bf16-shard1/budget-32/model-00001-of-00004.budget-32.brv,/workspace/checkpoints/llama-3.1-8b-bf16/model-00001-of-00004.safetensors,13,model.layers.1.mlp.up_proj.weight,mlp,BF16,14336x4096,117440512,77121062,77121005,57,40319450,1.52280724557,65.6681929316,synthesized,merge.fields,3,2,2,176160768,77120976,"{""literal"":2,""merge.fields"":1}","{""literal"":77120996,""merge.fields"":4}","{""rans"":2}","{""rans"":77120976}","{""rans"":176160768}","{""rans"":77117382}",84621a62aa16648c
/workspace/Brevis/results/llama31-8b-shard1-extra-minimal/archives/llama-3.1-8b-bf16-shard1/budget-32/model-00001-of-00004.budget-32.brv,/workspace/checkpoints/llama-3.1-8b-bf16/model-00001-of-00004.safetensors,14,model.layers.1.post_attention_layernorm.weight,norm,BF16,4096,8192,3241,3177,64,4951,2.52761493366,39.5629882812,synthesized,merge.fields,3,2,2,12288,3156,"{""literal"":2,""merge.fields"":1}","{""literal"":3168,""merge.fields"":4}","{""huffman"":2}","{""huffman"":3156}","{""huffman"":12288}","{""huffman"":2820}",05b1826d6844ab9c
/workspace/Brevis/results/llama31-8b-shard1-extra-minimal/archives/llama-3.1-8b-bf16-shard1/budget-32/model-00001-of-00004.budget-32.brv,/workspace/checkpoints/llama-3.1-8b-bf16/model-00001-of-00004.safetensors,15,model.layers.1.self_attn.k_proj.weight,attention,BF16,1024x4096,8388608,5671188,5671126,62,2717420,1.47916239067,67.6058292389,synthesized,merge.fields,3,2,2,12582912,5671098,"{""literal"":2,""merge.fields"":1}","{""literal"":5671117,""merge.fields"":4}","{""rans"":2}","{""rans"":5671098}","{""rans"":12582912}","{""rans"":5668072}",ab968161579c3244
/workspace/Brevis/results/llama31-8b-shard1-extra-minimal/archives/llama-3.1-8b-bf16-shard1/budget-32/model-00001-of-00004.budget-32.brv,/workspace/checkpoints/llama-3.1-8b-bf16/model-00001-of-00004.safetensors,16,model.layers.1.self_attn.o_proj.weight,attention,BF16,4096x4096,33554432,22131315,22131253,62,11423117,1.51615175149,65.9564584494,synthesized,merge.fields,3,2,2,50331648,22131224,"{""literal"":2,""merge.fields"":1}","{""literal"":22131244,""merge.fields"":4}","{""rans"":2}","{""rans"":22131224}","{""rans"":50331648}","{""rans"":22127758}",63413989d10a4086
/workspace/Brevis/results/llama31-8b-shard1-extra-minimal/archives/llama-3.1-8b-bf16-shard1/budget-32/model-00001-of-00004.budget-32.brv,/workspace/checkpoints/llama-3.1-8b-bf16/model-00001-of-00004.safetensors,17,model.layers.1.self_attn.q_proj.weight,attention,BF16,4096x4096,33554432,22592650,22592588,62,10961782,1.48519239664,67.3313438892,synthesized,merge.fields,3,2,2,50331648,22592559,"{""literal"":2,""merge.fields"":1}","{""literal"":22592579,""merge.fields"":4}","{""rans"":2}","{""rans"":22592559}","{""rans"":50331648}","{""rans"":22589085}",99654169a169f697
/workspace/Brevis/results/llama31-8b-shard1-extra-minimal/archives/llama-3.1-8b-bf16-shard1/budget-32/model-00001-of-00004.budget-32.brv,/workspace/checkpoints/llama-3.1-8b-bf16/model-00001-of-00004.safetensors,18,model.layers.1.self_attn.v_proj.weight,attention,BF16,1024x4096,8388608,5552983,5552921,62,2835625,1.51064896111,66.1967158318,synthesized,merge.fields,3,2,2,12582912,5552893,"{""literal"":2,""merge.fields"":1}","{""literal"":5552912,""merge.fields"":4}","{""rans"":2}","{""rans"":5552893}","{""rans"":12582912}","{""rans"":5549979}",c25c5ac09a8f36f3
/workspace/Brevis/results/llama31-8b-shard1-extra-minimal/archives/llama-3.1-8b-bf16-shard1/budget-32/model-00001-of-00004.budget-32.brv,/workspace/checkpoints/llama-3.1-8b-bf16/model-00001-of-00004.safetensors,19,model.layers.2.input_layernorm.weight,norm,BF16,4096,8192,3788,3733,55,4404,2.1626187962,46.240234375,synthesized,merge.fields,3,2,2,12288,3712,"{""literal"":2,""merge.fields"":1}","{""literal"":3724,""merge.fields"":4}","{""bitpack"":1,""huffman"":1}","{""bitpack"":2050,""huffman"":1662}","{""bitpack"":4096,""huffman"":8192}","{""bitpack"":2048,""huffman"":1489}",81957455b171cc7f
/workspace/Brevis/results/llama31-8b-shard1-extra-minimal/archives/llama-3.1-8b-bf16-shard1/budget-32/model-00001-of-00004.budget-32.brv,/workspace/checkpoints/llama-3.1-8b-bf16/model-00001-of-00004.safetensors,20,model.layers.2.mlp.down_proj.weight,mlp,BF16,4096x14336,117440512,77057164,77057105,59,40383348,1.52407000081,65.6137841088,synthesized,merge.fields,3,2,2,176160768,77057076,"{""literal"":2,""merge.fields"":1}","{""literal"":77057096,""merge.fields"":4}","{""rans"":2}","{""rans"":77057076}","{""rans"":176160768}","{""rans"":77053490}",6da3fe43732e5d5a
/workspace/Brevis/results/llama31-8b-shard1-extra-minimal/archives/llama-3.1-8b-bf16-shard1/budget-32/model-00001-of-00004.budget-32.brv,/workspace/checkpoints/llama-3.1-8b-bf16/model-00001-of-00004.safetensors,21,model.layers.2.mlp.gate_proj.weight,mlp,BF16,14336x4096,117440512,77132264,77132205,59,40308248,1.52258608667,65.6777313777,synthesized,merge.fields,3,2,2,176160768,77132176,"{""literal"":2,""merge.fields"":1}","{""literal"":77132196,""merge.fields"":4}","{""rans"":2}","{""rans"":77132176}","{""rans"":176160768}","{""rans"":77128678}",7ada23e635e98629
/workspace/Brevis/results/llama31-8b-shard1-extra-minimal/archives/llama-3.1-8b-bf16-shard1/budget-32/model-00001-of-00004.budget-32.brv,/workspace/checkpoints/llama-3.1-8b-bf16/model-00001-of-00004.safetensors,22,model.layers.2.mlp.up_proj.weight,mlp,BF16,14336x4096,117440512,77103276,77103219,57,40337236,1.52315852312,65.6530482428,synthesized,merge.fields,3,2,2,176160768,77103190,"{""literal"":2,""merge.fields"":1}","{""literal"":77103210,""merge.fields"":4}","{""rans"":2}","{""rans"":77103190}","{""rans"":176160768}","{""rans"":77099700}",03b82428a6272df4
/workspace/Brevis/results/llama31-8b-shard1-extra-minimal/archives/llama-3.1-8b-bf16-shard1/budget-32/model-00001-of-00004.budget-32.brv,/workspace/checkpoints/llama-3.1-8b-bf16/model-00001-of-00004.safetensors,23,model.layers.2.post_attention_layernorm.weight,norm,BF16,4096,8192,3303,3239,64,4889,2.48016954284,40.3198242188,synthesized,merge.fields,3,2,2,12288,3218,"{""literal"":2,""merge.fields"":1}","{""literal"":3230,""merge.fields"":4}","{""bitpack"":1,""huffman"":1}","{""bitpack"":2050,""huffman"":1168}","{""bitpack"":4096,""huffman"":8192}","{""bitpack"":2048,""huffman"":990}",0c9e5915293f68f6
/workspace/Brevis/results/llama31-8b-shard1-extra-minimal/archives/llama-3.1-8b-bf16-shard1/budget-32/model-00001-of-00004.budget-32.brv,/workspace/checkpoints/llama-3.1-8b-bf16/model-00001-of-00004.safetensors,24,model.layers.2.self_attn.k_proj.weight,attention,BF16,1024x4096,8388608,5615147,5615085,62,2773461,1.49392491417,66.9377684593,synthesized,merge.fields,3,2,2,12582912,5615057,"{""literal"":2,""merge.fields"":1}","{""literal"":5615076,""merge.fields"":4}","{""rans"":2}","{""rans"":5615057}","{""rans"":12582912}","{""rans"":5612071}",e56c29e882f21fa1
/workspace/Brevis/results/llama31-8b-shard1-extra-minimal/archives/llama-3.1-8b-bf16-shard1/budget-32/model-00001-of-00004.budget-32.brv,/workspace/checkpoints/llama-3.1-8b-bf16/model-00001-of-00004.safetensors,25,model.layers.2.self_attn.o_proj.weight,attention,BF16,4096x4096,33554432,22159093,22159031,62,11395339,1.51425114737,66.0392433405,synthesized,merge.fields,3,2,2,50331648,22159002,"{""literal"":2,""merge.fields"":1}","{""literal"":22159022,""merge.fields"":4}","{""rans"":2}","{""rans"":22159002}","{""rans"":50331648}","{""rans"":22155608}",898e3a8be2d359e1
/workspace/Brevis/results/llama31-8b-shard1-extra-minimal/archives/llama-3.1-8b-bf16-shard1/budget-32/model-00001-of-00004.budget-32.brv,/workspace/checkpoints/llama-3.1-8b-bf16/model-00001-of-00004.safetensors,26,model.layers.2.self_attn.q_proj.weight,attention,BF16,4096x4096,33554432,22351094,22351032,62,11203338,1.50124338433,66.6114509106,synthesized,merge.fields,3,2,2,50331648,22351003,"{""literal"":2,""merge.fields"":1}","{""literal"":22351023,""merge.fields"":4}","{""rans"":2}","{""rans"":22351003}","{""rans"":50331648}","{""rans"":22347713}",19c428cccf7940fe
/workspace/Brevis/results/llama31-8b-shard1-extra-minimal/archives/llama-3.1-8b-bf16-shard1/budget-32/model-00001-of-00004.budget-32.brv,/workspace/checkpoints/llama-3.1-8b-bf16/model-00001-of-00004.safetensors,27,model.layers.2.self_attn.v_proj.weight,attention,BF16,1024x4096,8388608,5544440,5544378,62,2844168,1.51297660359,66.0948753357,synthesized,merge.fields,3,2,2,12582912,5544350,"{""literal"":2,""merge.fields"":1}","{""literal"":5544369,""merge.fields"":4}","{""rans"":2}","{""rans"":5544350}","{""rans"":12582912}","{""rans"":5541484}",84ee806ad4fd71f9
/workspace/Brevis/results/llama31-8b-shard1-extra-minimal/archives/llama-3.1-8b-bf16-shard1/budget-32/model-00001-of-00004.budget-32.brv,/workspace/checkpoints/llama-3.1-8b-bf16/model-00001-of-00004.safetensors,28,model.layers.3.input_layernorm.weight,norm,BF16,4096,8192,3271,3216,55,4921,2.50443289514,39.9291992188,synthesized,merge.fields,3,2,2,12288,3195,"{""literal"":2,""merge.fields"":1}","{""literal"":3207,""merge.fields"":4}","{""bitpack"":1,""huffman"":1}","{""bitpack"":2050,""huffman"":1145}","{""bitpack"":4096,""huffman"":8192}","{""bitpack"":2048,""huffman"":1037}",d5205040f5ae258c
/workspace/Brevis/results/llama31-8b-shard1-extra-minimal/archives/llama-3.1-8b-bf16-shard1/budget-32/model-00001-of-00004.budget-32.brv,/workspace/checkpoints/llama-3.1-8b-bf16/model-00001-of-00004.safetensors,29,model.layers.3.mlp.down_proj.weight,mlp,BF16,4096x14336,117440512,77085582,77085523,59,40354930,1.52350814449,65.6379818916,synthesized,merge.fields,3,2,2,176160768,77085494,"{""literal"":2,""merge.fields"":1}","{""literal"":77085514,""merge.fields"":4}","{""rans"":2}","{""rans"":77085494}","{""rans"":176160768}","{""rans"":77081892}",8b20d25379d61934
/workspace/Brevis/results/llama31-8b-shard1-extra-minimal/archives/llama-3.1-8b-bf16-shard1/budget-32/model-00001-of-00004.budget-32.brv,/workspace/checkpoints/llama-3.1-8b-bf16/model-00001-of-00004.safetensors,30,model.layers.3.mlp.gate_proj.weight,mlp,BF16,14336x4096,117440512,77191944,77191885,59,40248568,1.52140891801,65.7285485949,synthesized,merge.fields,3,2,2,176160768,77191856,"{""literal"":2,""merge.fields"":1}","{""literal"":77191876,""merge.fields"":4}","{""rans"":2}","{""rans"":77191856}","{""rans"":176160768}","{""rans"":77188238}",501e81510cd87c30
/workspace/Brevis/results/llama31-8b-shard1-extra-minimal/archives/llama-3.1-8b-bf16-shard1/budget-32/model-00001-of-00004.budget-32.brv,/workspace/checkpoints/llama-3.1-8b-bf16/model-00001-of-00004.safetensors,31,model.layers.3.mlp.up_proj.weight,mlp,BF16,14336x4096,117440512,77074723,77074666,57,40365789,1.52372279041,65.6287355082,synthesized,merge.fields,3,2,2,176160768,77074637,"{""literal"":2,""merge.fields"":1}","{""literal"":77074657,""merge.fields"":4}","{""rans"":2}","{""rans"":77074637}","{""rans"":176160768}","{""rans"":77071219}",485e15f5008108f1
/workspace/Brevis/results/llama31-8b-shard1-extra-minimal/archives/llama-3.1-8b-bf16-shard1/budget-32/model-00001-of-00004.budget-32.brv,/workspace/checkpoints/llama-3.1-8b-bf16/model-00001-of-00004.safetensors,32,model.layers.3.post_attention_layernorm.weight,norm,BF16,4096,8192,3154,3090,64,5038,2.59733671528,38.5009765625,synthesized,merge.fields,3,2,2,12288,3069,"{""literal"":2,""merge.fields"":1}","{""literal"":3081,""merge.fields"":4}","{""bitpack"":1,""rans"":1}","{""bitpack"":2050,""rans"":1019}","{""bitpack"":4096,""rans"":8192}","{""bitpack"":2048,""rans"":766}",cddb9b2092ee9161
/workspace/Brevis/results/llama31-8b-shard1-extra-minimal/archives/llama-3.1-8b-bf16-shard1/budget-32/model-00001-of-00004.budget-32.brv,/workspace/checkpoints/llama-3.1-8b-bf16/model-00001-of-00004.safetensors,33,model.layers.3.self_attn.k_proj.weight,attention,BF16,1024x4096,8388608,5583004,5582942,62,2805604,1.50252588033,66.5545940399,synthesized,merge.fields,3,2,2,12582912,5582914,"{""literal"":2,""merge.fields"":1}","{""literal"":5582933,""merge.fields"":4}","{""rans"":2}","{""rans"":5582914}","{""rans"":12582912}","{""rans"":5580008}",d171fac75cbee8dc
/workspace/Brevis/results/llama31-8b-shard1-extra-minimal/archives/llama-3.1-8b-bf16-shard1/budget-32/model-00001-of-00004.budget-32.brv,/workspace/checkpoints/llama-3.1-8b-bf16/model-00001-of-00004.safetensors,34,model.layers.3.self_attn.o_proj.weight,attention,BF16,4096x4096,33554432,22040003,22039941,62,11514429,1.5224331866,65.6843274832,synthesized,merge.fields,3,2,2,50331648,22039912,"{""literal"":2,""merge.fields"":1}","{""literal"":22039932,""merge.fields"":4}","{""rans"":2}","{""rans"":22039912}","{""rans"":50331648}","{""rans"":22036582}",2def2ce986e49b5e
/workspace/Brevis/results/llama31-8b-shard1-extra-minimal/archives/llama-3.1-8b-bf16-shard1/budget-32/model-00001-of-00004.budget-32.brv,/workspace/checkpoints/llama-3.1-8b-bf16/model-00001-of-00004.safetensors,35,model.layers.3.self_attn.q_proj.weight,attention,BF16,4096x4096,33554432,22252215,22252153,62,11302217,1.50791424584,66.316768527,synthesized,merge.fields,3,2,2,50331648,22252124,"{""literal"":2,""merge.fields"":1}","{""literal"":22252144,""merge.fields"":4}","{""rans"":2}","{""rans"":22252124}","{""rans"":50331648}","{""rans"":22248962}",1170ff0329b3d96e
/workspace/Brevis/results/llama31-8b-shard1-extra-minimal/archives/llama-3.1-8b-bf16-shard1/budget-32/model-00001-of-00004.budget-32.brv,/workspace/checkpoints/llama-3.1-8b-bf16/model-00001-of-00004.safetensors,36,model.layers.3.self_attn.v_proj.weight,attention,BF16,1024x4096,8388608,5524459,5524397,62,2864149,1.5184487748,65.8566832542,synthesized,merge.fields,3,2,2,12582912,5524369,"{""literal"":2,""merge.fields"":1}","{""literal"":5524388,""merge.fields"":4}","{""rans"":2}","{""rans"":5524369}","{""rans"":12582912}","{""rans"":5521471}",100eb76b55b67157
/workspace/Brevis/results/llama31-8b-shard1-extra-minimal/archives/llama-3.1-8b-bf16-shard1/budget-32/model-00001-of-00004.budget-32.brv,/workspace/checkpoints/llama-3.1-8b-bf16/model-00001-of-00004.safetensors,37,model.layers.4.input_layernorm.weight,norm,BF16,4096,8192,3396,3341,55,4796,2.41224970554,41.455078125,synthesized,merge.fields,3,2,2,12288,3320,"{""literal"":2,""merge.fields"":1}","{""literal"":3332,""merge.fields"":4}","{""bitpack"":1,""huffman"":1}","{""bitpack"":2050,""huffman"":1270}","{""bitpack"":4096,""huffman"":8192}","{""bitpack"":2048,""huffman"":1162}",8e7e7872262fd72d
/workspace/Brevis/results/llama31-8b-shard1-extra-minimal/archives/llama-3.1-8b-bf16-shard1/budget-32/model-00001-of-00004.budget-32.brv,/workspace/checkpoints/llama-3.1-8b-bf16/model-00001-of-00004.safetensors,38,model.layers.4.mlp.down_proj.weight,mlp,BF16,4096x14336,117440512,77116459,77116400,59,40324053,1.52289814033,65.6642735004,synthesized,merge.fields,3,2,2,176160768,77116371,"{""literal"":2,""merge.fields"":1}","{""literal"":77116391,""merge.fields"":4}","{""rans"":2}","{""rans"":77116371}","{""rans"":176160768}","{""rans"":77112793}",b47504254623b15c
/workspace/Brevis/results/llama31-8b-shard1-extra-minimal/archives/llama-3.1-8b-bf16-shard1/budget-32/model-00001-of-00004.budget-32.brv,/workspace/checkpoints/llama-3.1-8b-bf16/model-00001-of-00004.safetensors,39,model.layers.4.mlp.gate_proj.weight,mlp,BF16,14336x4096,117440512,77267454,77267395,59,40173058,1.51992211365,65.7928449767,synthesized,merge.fields,3,2,2,176160768,77267366,"{""literal"":2,""merge.fields"":1}","{""literal"":77267386,""merge.fields"":4}","{""rans"":2}","{""rans"":77267366}","{""rans"":176160768}","{""rans"":77263844}",04b72177e527ee9d
/workspace/Brevis/results/llama31-8b-shard1-extra-minimal/archives/llama-3.1-8b-bf16-shard1/budget-32/model-00001-of-00004.budget-32.brv,/workspace/checkpoints/llama-3.1-8b-bf16/model-00001-of-00004.safetensors,40,model.layers.4.mlp.up_proj.weight,mlp,BF16,14336x4096,117440512,77106794,77106737,57,40333718,1.52308902896,65.656043802,synthesized,merge.fields,3,2,2,176160768,77106708,"{""literal"":2,""merge.fields"":1}","{""literal"":77106728,""merge.fields"":4}","{""rans"":2}","{""rans"":77106708}","{""rans"":176160768}","{""rans"":77103170}",5e28d618bbeb327a
/workspace/Brevis/results/llama31-8b-shard1-extra-minimal/archives/llama-3.1-8b-bf16-shard1/budget-32/model-00001-of-00004.budget-32.brv,/workspace/checkpoints/llama-3.1-8b-bf16/model-00001-of-00004.safetensors,41,model.layers.4.post_attention_layernorm.weight,norm,BF16,4096,8192,2706,2642,64,5486,3.0273466371,33.0322265625,synthesized,merge.fields,3,2,2,12288,2621,"{""literal"":2,""merge.fields"":1}","{""literal"":2633,""merge.fields"":4}","{""huffman"":1,""rans"":1}","{""huffman"":1916,""rans"":705}","{""huffman"":4096,""rans"":8192}","{""huffman"":1823,""rans"":524}",1f524884a5ba1dcf
/workspace/Brevis/results/llama31-8b-shard1-extra-minimal/archives/llama-3.1-8b-bf16-shard1/budget-32/model-00001-of-00004.budget-32.brv,/workspace/checkpoints/llama-3.1-8b-bf16/model-00001-of-00004.safetensors,42,model.layers.4.self_attn.k_proj.weight,attention,BF16,1024x4096,8388608,5572709,5572647,62,2815899,1.50530164055,66.4318680763,synthesized,merge.fields,3,2,2,12582912,5572619,"{""literal"":2,""merge.fields"":1}","{""literal"":5572638,""merge.fields"":4}","{""rans"":2}","{""rans"":5572619}","{""rans"":12582912}","{""rans"":5569657}",3bc3134447a8b3ff
/workspace/Brevis/results/llama31-8b-shard1-extra-minimal/archives/llama-3.1-8b-bf16-shard1/budget-32/model-00001-of-00004.budget-32.brv,/workspace/checkpoints/llama-3.1-8b-bf16/model-00001-of-00004.safetensors,43,model.layers.4.self_attn.o_proj.weight,attention,BF16,4096x4096,33554432,22085869,22085807,62,11468563,1.51927153059,65.821018815,synthesized,merge.fields,3,2,2,50331648,22085778,"{""literal"":2,""merge.fields"":1}","{""literal"":22085798,""merge.fields"":4}","{""rans"":2}","{""rans"":22085778}","{""rans"":50331648}","{""rans"":22082432}",8253ddfcea860635
/workspace/Brevis/results/llama31-8b-shard1-extra-minimal/archives/llama-3.1-8b-bf16-shard1/budget-32/model-00001-of-00004.budget-32.brv,/workspace/checkpoints/llama-3.1-8b-bf16/model-00001-of-00004.safetensors,44,model.layers.4.self_attn.q_proj.weight,attention,BF16,4096x4096,33554432,22274486,22274424,62,11279946,1.50640656759,66.3831412792,synthesized,merge.fields,3,2,2,50331648,22274395,"{""literal"":2,""merge.fields"":1}","{""literal"":22274415,""merge.fields"":4}","{""rans"":2}","{""rans"":22274395}","{""rans"":50331648}","{""rans"":22271145}",6e284c98e622bee2
/workspace/Brevis/results/llama31-8b-shard1-extra-minimal/archives/llama-3.1-8b-bf16-shard1/budget-32/model-00001-of-00004.budget-32.brv,/workspace/checkpoints/llama-3.1-8b-bf16/model-00001-of-00004.safetensors,45,model.layers.4.self_attn.v_proj.weight,attention,BF16,1024x4096,8388608,5535891,5535829,62,2852717,1.51531307246,65.9929633141,synthesized,merge.fields,3,2,2,12582912,5535801,"{""literal"":2,""merge.fields"":1}","{""literal"":5535820,""merge.fields"":4}","{""rans"":2}","{""rans"":5535801}","{""rans"":12582912}","{""rans"":5532943}",1de9164546371123
/workspace/Brevis/results/llama31-8b-shard1-extra-minimal/archives/llama-3.1-8b-bf16-shard1/budget-32/model-00001-of-00004.budget-32.brv,/workspace/checkpoints/llama-3.1-8b-bf16/model-00001-of-00004.safetensors,46,model.layers.5.input_layernorm.weight,norm,BF16,4096,8192,3578,3523,55,4614,2.28954723309,43.6767578125,synthesized,merge.fields,3,2,2,12288,3502,"{""literal"":2,""merge.fields"":1}","{""literal"":3514,""merge.fields"":4}","{""bitpack"":1,""huffman"":1}","{""bitpack"":2050,""huffman"":1452}","{""bitpack"":4096,""huffman"":8192}","{""bitpack"":2048,""huffman"":1339}",2f74656e7963e726
/workspace/Brevis/results/llama31-8b-shard1-extra-minimal/archives/llama-3.1-8b-bf16-shard1/budget-32/model-00001-of-00004.budget-32.brv,/workspace/checkpoints/llama-3.1-8b-bf16/model-00001-of-00004.safetensors,47,model.layers.5.mlp.down_proj.weight,mlp,BF16,4096x14336,117440512,77120953,77120894,59,40319559,1.52280939786,65.6681001186,synthesized,merge.fields,3,2,2,176160768,77120865,"{""literal"":2,""merge.fields"":1}","{""literal"":77120885,""merge.fields"":4}","{""rans"":2}","{""rans"":77120865}","{""rans"":176160768}","{""rans"":77117223}",57b4c9086ab559e2
/workspace/Brevis/results/llama31-8b-shard1-extra-minimal/archives/llama-3.1-8b-bf16-shard1/budget-32/model-00001-of-00004.budget-32.brv,/workspace/checkpoints/llama-3.1-8b-bf16/model-00001-of-00004.safetensors,48,model.layers.5.mlp.gate_proj.weight,mlp,BF16,14336x4096,117440512,77214894,77214835,59,40225618,1.52095672112,65.7480904034,synthesized,merge.fields,3,2,2,176160768,77214806,"{""literal"":2,""merge.fields"":1}","{""literal"":77214826,""merge.fields"":4}","{""rans"":2}","{""rans"":77214806}","{""rans"":176160768}","{""rans"":77211284}",87962a770d74c41e
/workspace/Brevis/results/llama31-8b-shard1-extra-minimal/archives/llama-3.1-8b-bf16-shard1/budget-32/model-00001-of-00004.budget-32.brv,/workspace/checkpoints/llama-3.1-8b-bf16/model-00001-of-00004.safetensors,49,model.layers.5.mlp.up_proj.weight,mlp,BF16,14336x4096,117440512,77078542,77078485,57,40361970,1.52364729473,65.6319873674,synthesized,merge.fields,3,2,2,176160768,77078456,"{""literal"":2,""merge.fields"":1}","{""literal"":77078476,""merge.fields"":4}","{""rans"":2}","{""rans"":77078456}","{""rans"":176160768}","{""rans"":77074950}",cf7bd68bd1e2e3d0
/workspace/Brevis/results/llama31-8b-shard1-extra-minimal/archives/llama-3.1-8b-bf16-shard1/budget-32/model-00001-of-00004.budget-32.brv,/workspace/checkpoints/llama-3.1-8b-bf16/model-00001-of-00004.safetensors,50,model.layers.5.post_attention_layernorm.weight,norm,BF16,4096,8192,2953,2889,64,5239,2.77412800542,36.0473632812,synthesized,merge.fields,3,2,2,12288,2868,"{""literal"":2,""merge.fields"":1}","{""literal"":2880,""merge.fields"":4}","{""huffman"":1,""rans"":1}","{""huffman"":1995,""rans"":873}","{""huffman"":4096,""rans"":8192}","{""huffman"":1902,""rans"":740}",050b6c2b68c415a8
/workspace/Brevis/results/llama31-8b-shard1-extra-minimal/archives/llama-3.1-8b-bf16-shard1/budget-32/model-00001-of-00004.budget-32.brv,/workspace/checkpoints/llama-3.1-8b-bf16/model-00001-of-00004.safetensors,51,model.layers.5.self_attn.k_proj.weight,attention,BF16,1024x4096,8388608,5582401,5582339,62,2806207,1.50268818023,66.5474057198,synthesized,merge.fields,3,2,2,12582912,5582311,"{""literal"":2,""merge.fields"":1}","{""literal"":5582330,""merge.fields"":4}","{""rans"":2}","{""rans"":5582311}","{""rans"":12582912}","{""rans"":5579325}",e652606529dd83f5
/workspace/Brevis/results/llama31-8b-shard1-extra-minimal/archives/llama-3.1-8b-bf16-shard1/budget-32/model-00001-of-00004.budget-32.brv,/workspace/checkpoints/llama-3.1-8b-bf16/model-00001-of-00004.safetensors,52,model.layers.5.self_attn.o_proj.weight,attention,BF16,4096x4096,33554432,22108537,22108475,62,11445895,1.51771381345,65.8885747194,synthesized,merge.fields,3,2,2,50331648,22108446,"{""literal"":2,""merge.fields"":1}","{""literal"":22108466,""merge.fields"":4}","{""rans"":2}","{""rans"":22108446}","{""rans"":50331648}","{""rans"":22105060}",410c6d897e93804b
/workspace/Brevis/results/llama31-8b-shard1-extra-minimal/archives/llama-3.1-8b-bf16-shard1/budget-32/model-00001-of-00004.budget-32.brv,/workspace/checkpoints/llama-3.1-8b-bf16/model-00001-of-00004.safetensors,53,model.layers.5.self_attn.q_proj.weight,attention,BF16,4096x4096,33554432,22300280,22300218,62,11254152,1.50466415668,66.4600133896,synthesized,merge.fields,3,2,2,50331648,22300189,"{""literal"":2,""merge.fields"":1}","{""literal"":22300209,""merge.fields"":4}","{""rans"":2}","{""rans"":22300189}","{""rans"":50331648}","{""rans"":22296979}",649601f455cec966
/workspace/Brevis/results/llama31-8b-shard1-extra-minimal/archives/llama-3.1-8b-bf16-shard1/budget-32/model-00001-of-00004.budget-32.brv,/workspace/checkpoints/llama-3.1-8b-bf16/model-00001-of-00004.safetensors,54,model.layers.5.self_attn.v_proj.weight,attention,BF16,1024x4096,8388608,5524705,5524643,62,2863903,1.51838116243,65.8596158028,synthesized,merge.fields,3,2,2,12582912,5524615,"{""literal"":2,""merge.fields"":1}","{""literal"":5524634,""merge.fields"":4}","{""rans"":2}","{""rans"":5524615}","{""rans"":12582912}","{""rans"":5521749}",b0a96d55e752af65
/workspace/Brevis/results/llama31-8b-shard1-extra-minimal/archives/llama-3.1-8b-bf16-shard1/budget-32/model-00001-of-00004.budget-32.brv,/workspace/checkpoints/llama-3.1-8b-bf16/model-00001-of-00004.safetensors,55,model.layers.6.input_layernorm.weight,norm,BF16,4096,8192,3435,3380,55,4757,2.38486171761,41.9311523438,synthesized,merge.fields,3,2,2,12288,3359,"{""literal"":2,""merge.fields"":1}","{""literal"":3371,""merge.fields"":4}","{""bitpack"":1,""huffman"":1}","{""bitpack"":2050,""huffman"":1309}","{""bitpack"":4096,""huffman"":8192}","{""bitpack"":2048,""huffman"":1211}",7b74ceda5fd822ed
/workspace/Brevis/results/llama31-8b-shard1-extra-minimal/archives/llama-3.1-8b-bf16-shard1/budget-32/model-00001-of-00004.budget-32.brv,/workspace/checkpoints/llama-3.1-8b-bf16/model-00001-of-00004.safetensors,56,model.layers.6.mlp.down_proj.weight,mlp,BF16,4096x14336,117440512,77146016,77145957,59,40294496,1.52231467144,65.689441136,synthesized,merge.fields,3,2,2,176160768,77145928,"{""literal"":2,""merge.fields"":1}","{""literal"":77145948,""merge.fields"":4}","{""rans"":2}","{""rans"":77145928}","{""rans"":176160768}","{""rans"":77142326}",18f758e88c2dbe45
/workspace/Brevis/results/llama31-8b-shard1-extra-minimal/archives/llama-3.1-8b-bf16-shard1/budget-32/model-00001-of-00004.budget-32.brv,/workspace/checkpoints/llama-3.1-8b-bf16/model-00001-of-00004.safetensors,57,model.layers.6.mlp.gate_proj.weight,mlp,BF16,14336x4096,117440512,77269220,77269161,59,40171292,1.51988737559,65.7943487167,synthesized,merge.fields,3,2,2,176160768,77269132,"{""literal"":2,""merge.fields"":1}","{""literal"":77269152,""merge.fields"":4}","{""rans"":2}","{""rans"":77269132}","{""rans"":176160768}","{""rans"":77265538}",0eb59350929fee96
/workspace/Brevis/results/llama31-8b-shard1-extra-minimal/archives/llama-3.1-8b-bf16-shard1/budget-32/model-00001-of-00004.budget-32.brv,/workspace/checkpoints/llama-3.1-8b-bf16/model-00001-of-00004.safetensors,58,model.layers.6.mlp.up_proj.weight,mlp,BF16,14336x4096,117440512,77077908,77077851,57,40362604,1.5236598274,65.6314475196,synthesized,merge.fields,3,2,2,176160768,77077822,"{""literal"":2,""merge.fields"":1}","{""literal"":77077842,""merge.fields"":4}","{""rans"":2}","{""rans"":77077822}","{""rans"":176160768}","{""rans"":77074324}",01df7e0500753461
/workspace/Brevis/results/llama31-8b-shard1-extra-minimal/archives/llama-3.1-8b-bf16-shard1/budget-32/model-00001-of-00004.budget-32.brv,/workspace/checkpoints/llama-3.1-8b-bf16/model-00001-of-00004.safetensors,59,model.layers.6.post_attention_layernorm.weight,norm,BF16,4096,8192,2838,2774,64,5354,2.88653981677,34.6435546875,synthesized,merge.fields,3,2,2,12288,2753,"{""literal"":2,""merge.fields"":1}","{""literal"":2765,""merge.fields"":4}","{""bitpack"":1,""rans"":1}","{""bitpack"":2050,""rans"":703}","{""bitpack"":4096,""rans"":8192}","{""bitpack"":2048,""rans"":586}",79884507e8b06bcf
/workspace/Brevis/results/llama31-8b-shard1-extra-minimal/archives/llama-3.1-8b-bf16-shard1/budget-32/model-00001-of-00004.budget-32.brv,/workspace/checkpoints/llama-3.1-8b-bf16/model-00001-of-00004.safetensors,60,model.layers.6.self_attn.k_proj.weight,attention,BF16,1024x4096,8388608,5550376,5550314,62,2838232,1.51135850977,66.16563797,synthesized,merge.fields,3,2,2,12582912,5550286,"{""literal"":2,""merge.fields"":1}","{""literal"":5550305,""merge.fields"":4}","{""rans"":2}","{""rans"":5550286}","{""rans"":12582912}","{""rans"":5547380}",40bd158604d7e6fc
/workspace/Brevis/results/llama31-8b-shard1-extra-minimal/archives/llama-3.1-8b-bf16-shard1/budget-32/model-00001-of-00004.budget-32.brv,/workspace/checkpoints/llama-3.1-8b-bf16/model-00001-of-00004.safetensors,61,model.layers.6.self_attn.o_proj.weight,attention,BF16,4096x4096,33554432,22068207,22068145,62,11486225,1.52048745963,65.7683819532,synthesized,merge.fields,3,2,2,50331648,22068116,"{""literal"":2,""merge.fields"":1}","{""literal"":22068136,""merge.fields"":4}","{""rans"":2}","{""rans"":22068116}","{""rans"":50331648}","{""rans"":22064778}",0eab53839eacad4e
/workspace/Brevis/results/llama31-8b-shard1-extra-minimal/archives/llama-3.1-8b-bf16-shard1/budget-32/model-00001-of-00004.budget-32.brv,/workspace/checkpoints/llama-3.1-8b-bf16/model-00001-of-00004.safetensors,62,model.layers.6.self_attn.q_proj.weight,attention,BF16,4096x4096,33554432,22236760,22236698,62,11317672,1.50896227688,66.2707090378,synthesized,merge.fields,3,2,2,50331648,22236669,"{""literal"":2,""merge.fields"":1}","{""literal"":22236689,""merge.fields"":4}","{""rans"":2}","{""rans"":22236669}","{""rans"":50331648}","{""rans"":22233435}",591c853bbf3e0ab7
/workspace/Brevis/results/llama31-8b-shard1-extra-minimal/archives/llama-3.1-8b-bf16-shard1/budget-32/model-00001-of-00004.budget-32.brv,/workspace/checkpoints/llama-3.1-8b-bf16/model-00001-of-00004.safetensors,63,model.layers.6.self_attn.v_proj.weight,attention,BF16,1024x4096,8388608,5522876,5522814,62,2865732,1.51888400174,65.8378124237,synthesized,merge.fields,3,2,2,12582912,5522786,"{""literal"":2,""merge.fields"":1}","{""literal"":5522805,""merge.fields"":4}","{""rans"":2}","{""rans"":5522786}","{""rans"":12582912}","{""rans"":5519944}",1c46c34eab0f65ea
/workspace/Brevis/results/llama31-8b-shard1-extra-minimal/archives/llama-3.1-8b-bf16-shard1/budget-32/model-00001-of-00004.budget-32.brv,/workspace/checkpoints/llama-3.1-8b-bf16/model-00001-of-00004.safetensors,64,model.layers.7.input_layernorm.weight,norm,BF16,4096,8192,3400,3345,55,4792,2.40941176471,41.50390625,synthesized,merge.fields,3,2,2,12288,3324,"{""literal"":2,""merge.fields"":1}","{""literal"":3336,""merge.fields"":4}","{""bitpack"":1,""huffman"":1}","{""bitpack"":2050,""huffman"":1274}","{""bitpack"":4096,""huffman"":8192}","{""bitpack"":2048,""huffman"":1171}",e898370499df6658
/workspace/Brevis/results/llama31-8b-shard1-extra-minimal/archives/llama-3.1-8b-bf16-shard1/budget-32/model-00001-of-00004.budget-32.brv,/workspace/checkpoints/llama-3.1-8b-bf16/model-00001-of-00004.safetensors,65,model.layers.7.mlp.down_proj.weight,mlp,BF16,4096x14336,117440512,77207129,77207070,59,40233383,1.52110968924,65.7414785453,synthesized,merge.fields,3,2,2,176160768,77207041,"{""literal"":2,""merge.fields"":1}","{""literal"":77207061,""merge.fields"":4}","{""rans"":2}","{""rans"":77207041}","{""rans"":176160768}","{""rans"":77203367}",d48c2567ad70e40a
/workspace/Brevis/results/llama31-8b-shard1-extra-minimal/archives/llama-3.1-8b-bf16-shard1/budget-32/model-00001-of-00004.budget-32.brv,/workspace/checkpoints/llama-3.1-8b-bf16/model-00001-of-00004.safetensors,66,model.layers.7.mlp.gate_proj.weight,mlp,BF16,14336x4096,117440512,77320660,77320601,59,40119852,1.51887622273,65.8381496157,synthesized,merge.fields,3,2,2,176160768,77320572,"{""literal"":2,""merge.fields"":1}","{""literal"":77320592,""merge.fields"":4}","{""rans"":2}","{""rans"":77320572}","{""rans"":176160768}","{""rans"":77317026}",48d5e9d5afed81b2
/workspace/Brevis/results/llama31-8b-shard1-extra-minimal/archives/llama-3.1-8b-bf16-shard1/budget-32/model-00001-of-00004.budget-32.brv,/workspace/checkpoints/llama-3.1-8b-bf16/model-00001-of-00004.safetensors,67,model.layers.7.mlp.up_proj.weight,mlp,BF16,14336x4096,117440512,77086581,77086524,57,40353931,1.52348840066,65.6388325351,synthesized,merge.fields,3,2,2,176160768,77086495,"{""literal"":2,""merge.fields"":1}","{""literal"":77086515,""merge.fields"":4}","{""rans"":2}","{""rans"":77086495}","{""rans"":176160768}","{""rans"":77083029}",39c4df9b42c56b63
/workspace/Brevis/results/llama31-8b-shard1-extra-minimal/archives/llama-3.1-8b-bf16-shard1/budget-32/model-00001-of-00004.budget-32.brv,/workspace/checkpoints/llama-3.1-8b-bf16/model-00001-of-00004.safetensors,68,model.layers.7.post_attention_layernorm.weight,norm,BF16,4096,8192,2910,2846,64,5282,2.81512027491,35.5224609375,synthesized,merge.fields,3,2,2,12288,2825,"{""literal"":2,""merge.fields"":1}","{""literal"":2837,""merge.fields"":4}","{""bitpack"":1,""rans"":1}","{""bitpack"":2050,""rans"":775}","{""bitpack"":4096,""rans"":8192}","{""bitpack"":2048,""rans"":674}",acedcca79f18a9fa
/workspace/Brevis/results/llama31-8b-shard1-extra-minimal/archives/llama-3.1-8b-bf16-shard1/budget-32/model-00001-of-00004.budget-32.brv,/workspace/checkpoints/llama-3.1-8b-bf16/model-00001-of-00004.safetensors,69,model.layers.7.self_attn.k_proj.weight,attention,BF16,1024x4096,8388608,5552056,5551994,62,2836552,1.51090118688,66.1856651306,synthesized,merge.fields,5,3,3,16777216,5551953,"{""literal"":3,""merge.fields"":2}","{""literal"":5551981,""merge.fields"":8}","{""bitpack"":1,""rans"":2}","{""bitpack"":524290,""rans"":5027663}","{""bitpack"":4194304,""rans"":12582912}","{""bitpack"":524288,""rans"":5024789}",174bdf524b377008
/workspace/Brevis/results/llama31-8b-shard1-extra-minimal/archives/llama-3.1-8b-bf16-shard1/budget-32/model-00001-of-00004.budget-32.brv,/workspace/checkpoints/llama-3.1-8b-bf16/model-00001-of-00004.safetensors,70,model.layers.7.self_attn.o_proj.weight,attention,BF16,4096x4096,33554432,22085868,22085806,62,11468564,1.51927159938,65.8210158348,synthesized,merge.fields,3,2,2,50331648,22085777,"{""literal"":2,""merge.fields"":1}","{""literal"":22085797,""merge.fields"":4}","{""rans"":2}","{""rans"":22085777}","{""rans"":50331648}","{""rans"":22082431}",3d930a095c7093b8
/workspace/Brevis/results/llama31-8b-shard1-extra-minimal/archives/llama-3.1-8b-bf16-shard1/budget-32/model-00001-of-00004.budget-32.brv,/workspace/checkpoints/llama-3.1-8b-bf16/model-00001-of-00004.safetensors,71,model.layers.7.self_attn.q_proj.weight,attention,BF16,4096x4096,33554432,22257725,22257663,62,11296707,1.50754095488,66.3331896067,synthesized,merge.fields,3,2,2,50331648,22257634,"{""literal"":2,""merge.fields"":1}","{""literal"":22257654,""merge.fields"":4}","{""rans"":2}","{""rans"":22257634}","{""rans"":50331648}","{""rans"":22254464}",1d394ae7672c4975
/workspace/Brevis/results/llama31-8b-shard1-extra-minimal/archives/llama-3.1-8b-bf16-shard1/budget-32/model-00001-of-00004.budget-32.brv,/workspace/checkpoints/llama-3.1-8b-bf16/model-00001-of-00004.safetensors,72,model.layers.7.self_attn.v_proj.weight,attention,BF16,1024x4096,8388608,5521798,5521736,62,2866810,1.51918052779,65.8249616623,synthesized,merge.fields,3,2,2,12582912,5521708,"{""literal"":2,""merge.fields"":1}","{""literal"":5521727,""merge.fields"":4}","{""rans"":2}","{""rans"":5521708}","{""rans"":12582912}","{""rans"":5518818}",9d95a320d518ba43
/workspace/Brevis/results/llama31-8b-shard1-extra-minimal/archives/llama-3.1-8b-bf16-shard1/budget-32/model-00001-of-00004.budget-32.brv,/workspace/checkpoints/llama-3.1-8b-bf16/model-00001-of-00004.safetensors,73,model.layers.8.input_layernorm.weight,norm,BF16,4096,8192,3475,3420,55,4717,2.35741007194,42.4194335938,synthesized,merge.fields,3,2,2,12288,3399,"{""literal"":2,""merge.fields"":1}","{""literal"":3411,""merge.fields"":4}","{""bitpack"":1,""huffman"":1}","{""bitpack"":2050,""huffman"":1349}","{""bitpack"":4096,""huffman"":8192}","{""bitpack"":2048,""huffman"":1246}",040f03e6bcf874e1
/workspace/Brevis/results/llama31-8b-shard1-extra-minimal/archives/llama-3.1-8b-bf16-shard1/budget-32/model-00001-of-00004.budget-32.brv,/workspace/checkpoints/llama-3.1-8b-bf16/model-00001-of-00004.safetensors,74,model.layers.8.mlp.down_proj.weight,mlp,BF16,4096x14336,117440512,77233130,77233071,59,40207382,1.52059759847,65.7636182649,synthesized,merge.fields,3,2,2,176160768,77233042,"{""literal"":2,""merge.fields"":1}","{""literal"":77233062,""merge.fields"":4}","{""rans"":2}","{""rans"":77233042}","{""rans"":176160768}","{""rans"":77229288}",d99e75915ad90d56
/workspace/Brevis/results/llama31-8b-shard1-extra-minimal/archives/llama-3.1-8b-bf16-shard1/budget-32/model-00001-of-00004.budget-32.brv,/workspace/checkpoints/llama-3.1-8b-bf16/model-00001-of-00004.safetensors,75,model.layers.8.mlp.gate_proj.weight,mlp,BF16,14336x4096,117440512,77346596,77346537,59,40093916,1.51836691042,65.8602339881,synthesized,merge.fields,3,2,2,176160768,77346508,"{""literal"":2,""merge.fields"":1}","{""literal"":77346528,""merge.fields"":4}","{""rans"":2}","{""rans"":77346508}","{""rans"":176160768}","{""rans"":77343018}",defee3eeefc3a94c
/workspace/Brevis/results/llama31-8b-shard1-extra-minimal/archives/llama-3.1-8b-bf16-shard1/budget-32/model-00001-of-00004.budget-32.brv,/workspace/checkpoints/llama-3.1-8b-bf16/model-00001-of-00004.safetensors,76,model.layers.8.mlp.up_proj.weight,mlp,BF16,14336x4096,117440512,77088420,77088363,57,40352092,1.52345205674,65.6403984342,synthesized,merge.fields,3,2,2,176160768,77088334,"{""literal"":2,""merge.fields"":1}","{""literal"":77088354,""merge.fields"":4}","{""rans"":2}","{""rans"":77088334}","{""rans"":176160768}","{""rans"":77084796}",3d8bd13cd4bdc7d7
/workspace/Brevis/results/llama31-8b-shard1-extra-minimal/archives/llama-3.1-8b-bf16-shard1/budget-32/model-00001-of-00004.budget-32.brv,/workspace/checkpoints/llama-3.1-8b-bf16/model-00001-of-00004.safetensors,77,model.layers.8.post_attention_layernorm.weight,norm,BF16,4096,8192,3088,3024,64,5104,2.65284974093,37.6953125,synthesized,merge.fields,3,2,2,12288,3003,"{""literal"":2,""merge.fields"":1}","{""literal"":3015,""merge.fields"":4}","{""bitpack"":1,""huffman"":1}","{""bitpack"":2050,""huffman"":953}","{""bitpack"":4096,""huffman"":8192}","{""bitpack"":2048,""huffman"":880}",93d8a85ca36c6184
/workspace/Brevis/results/llama31-8b-shard1-extra-minimal/archives/llama-3.1-8b-bf16-shard1/budget-32/model-00001-of-00004.budget-32.brv,/workspace/checkpoints/llama-3.1-8b-bf16/model-00001-of-00004.safetensors,78,model.layers.8.self_attn.k_proj.weight,attention,BF16,1024x4096,8388608,5570963,5570901,62,2817645,1.50577341835,66.4110541344,synthesized,merge.fields,3,2,2,12582912,5570873,"{""literal"":2,""merge.fields"":1}","{""literal"":5570892,""merge.fields"":4}","{""rans"":2}","{""rans"":5570873}","{""rans"":12582912}","{""rans"":5567903}",04ecf32aa22a4a54
/workspace/Brevis/results/llama31-8b-shard1-extra-minimal/archives/llama-3.1-8b-bf16-shard1/budget-32/model-00001-of-00004.budget-32.brv,/workspace/checkpoints/llama-3.1-8b-bf16/model-00001-of-00004.safetensors,79,model.layers.8.self_attn.o_proj.weight,attention,BF16,4096x4096,33554432,22125410,22125348,62,11429022,1.51655639376,65.938860178,synthesized,merge.fields,3,2,2,50331648,22125319,"{""literal"":2,""merge.fields"":1}","{""literal"":22125339,""merge.fields"":4}","{""rans"":2}","{""rans"":22125319}","{""rans"":50331648}","{""rans"":22121869}",4a4be3194e7a320a
/workspace/Brevis/results/llama31-8b-shard1-extra-minimal/archives/llama-3.1-8b-bf16-shard1/budget-32/model-00001-of-00004.budget-32.brv,/workspace/checkpoints/llama-3.1-8b-bf16/model-00001-of-00004.safetensors,80,model.layers.8.self_attn.q_proj.weight,attention,BF16,4096x4096,33554432,22261420,22261358,62,11293012,1.50729072988,66.3442015648,synthesized,merge.fields,3,2,2,50331648,22261329,"{""literal"":2,""merge.fields"":1}","{""literal"":22261349,""merge.fields"":4}","{""rans"":2}","{""rans"":22261329}","{""rans"":50331648}","{""rans"":22257959}",210446e841a8a093
/workspace/Brevis/results/llama31-8b-shard1-extra-minimal/archives/llama-3.1-8b-bf16-shard1/budget-32/model-00001-of-00004.budget-32.brv,/workspace/checkpoints/llama-3.1-8b-bf16/model-00001-of-00004.safetensors,81,model.layers.8.self_attn.v_proj.weight,attention,BF16,1024x4096,8388608,5542454,5542392,62,2846154,1.51351874098,66.0712003708,synthesized,merge.fields,3,2,2,12582912,5542364,"{""literal"":2,""merge.fields"":1}","{""literal"":5542383,""merge.fields"":4}","{""rans"":2}","{""rans"":5542364}","{""rans"":12582912}","{""rans"":5539490}",2660eba2972a6231
